MLSNumber,MLS,FullAddress,City,StateOrProvince,PostalCode
5001,Apples,7499 Moorgate Point WAY ,Apples,FL,34113
5002,Apples,2529 Kings Lake BLVD ,Apples,FL,34112
5003,Apples,27241 High Seas LN ,BONITA SPRINGS,FL,34135
5004,Apples,8911 Verducci CT ,Apples,FL,34114
5005,Apples,29061 Marcello WAY ,Apples,FL,34110
5006,Apples,23 Johnnycake DR ,Apples,FL,34110
5007,Apples,26 Johnnycake DR ,Apples,FL,34110
5008,Apples,24 Johnnycake DR ,Apples,FL,34110
5009,Apples,22 Johnnycake DR ,Apples,FL,34110
5010,Apples,4395 Gordon DR ,Apples,FL,34102
5011,Apples,8163 Bibiana WAY 306,FORT MYERS,FL,33912
5012,Apples,370 6th AVE S ,Apples,FL,34102
5013,Apples,13925 Old Coast RD 1103,Apples,fl,34110
5014,Apples,1645 Ludlow RD ,MARCO ISLAND,FL,34145
5015,Apples,1787 Hummingbird CT ,MARCO ISLAND,FL,34145
5016,Apples,4931 Bonita Bay BLVD 1603,BONITA SPRINGS,FL,34134
5017,Apples,100 Stevens Landing DR 201,MARCO ISLAND,FL,34145
5018,Apples,2750 Gordon DR ,Apples,FL,34102
5019,Apples,1065 Borghese LN 1602,Apples,FL,34114
5020,Apples,2209 PINEWOODS CIR ,Apples,FL,34105-2541
5021,Apples,825 105th AVE N ,Apples,FL,34108
5022,Apples,7987 Estero BLVD ,FORT MYERS BEACH,FL,33931
5023,Apples,4931 Bonita Bay BLVD 1002,BONITA SPRINGS,FL,34134
5024,Apples,2634 14th AVE SE ,Apples,FL,34117
5025,Apples,7515 Pelican Bay BLVD 1F,Apples,FL,34108
5026,Apples,970 Cape Marco DR 2408,MARCO ISLAND,FL,34145
5027,Apples,747 Park Shore DR ,Apples,FL,34103
5028,Apples,13621 PONDVIEW CIR ,Apples,FL,34119
5029,Apples,1127 RIDGE ST ,Apples,FL,34103
5030,Apples,761 Willowbrook DR 1403,Apples,FL,34108
5031,Apples,110 Dominica LN ,BONITA SPRINGS,FL,34134
5032,Apples,1050 Borghese LN 1203,Apples,FL,34114
5033,Apples,29170 Positano LN ,Apples,FL,34110
5034,Apples,1034 Crystal Lake DR ,Apples,FL,34119
5035,Apples,891 norton creek RD SW ,MADISON,fl,32340
5036,Apples,176 Collier BLVD 904,MARCO ISLAND,FL,34145
5037,Apples,9082 Albion LN S 6701,Apples,FL,34113
5038,Apples,3000 Oasis Grand BLVD 2807,FORT MYERS,FL,33916
5039,Apples,800 Lambiance CIR 106,Apples,FL,34108
5040,Apples,5051 Pelican Colony BLVD 1904,BONITA SPRINGS,FL,34134
5041,Apples,1045 Sandpiper ST G-204,Apples,FL,34102
5042,Apples,168 Greenview ST ,MARCO ISLAND,FL,34145
5043,Apples,1141 Swallow AVE 4-402,MARCO ISLAND,FL,34145
5044,Apples,7731 Martino CIR ,Apples,FL,34112
5045,Apples,955 Royal Marco WAY ,MARCO ISLAND,FL,34145
5046,Apples,3940 Loblolly Bay Dr 204,Apples,FL,34114
5047,Apples,1234 Gordon River TRL ,Apples,FL,34105
5048,Apples,555 Admiralty Parade W ,Apples,FL,34102
5049,Apples,11006 Mill Creek WAY 2001,FORT MYERS,FL,33913
5050,Apples,1209 CORDOBA St E ,LEHIGH ACRES,FL,33974
5051,Apples,6561 Ridgewood DR ,Apples,FL,34108
5052,Apples,641 PALM CIR W ,Apples,FL,34102
5053,Apples,4140 Crayton RD D1,Apples,FL,34103
5054,Apples,1807 SNOOK DR ,Apples,FL,34102
5055,Apples,1065 Borghese LN 505,Apples,FL,34114
5056,Apples,4991 Bonita Bay BLVD PH 2602,BONITA SPRINGS,FL,34134
5057,Apples,4991 Bonita Bay Blvd 1002,BONITA SPRINGS,FL,34134
5058,Apples,4991 Bonita Bay Blvd 603,BONITA SPRINGS,FL,34134
5059,Apples,7020 Oakmont PKY ,Apples,FL,34108
5060,Apples,406 Heron AVE ,Apples,Fl,34108
5061,Apples,20411 Talon Trace ,ESTERO,FL,33928
5062,Apples,3602 treasure cove circle ,Apples,FL,34114
5063,Apples,4971 Bonita Bay Blvd 905,BONITA SPRINGS,FL,34134
5064,Apples,1081 Galleon DR ,Apples,FL,34102
5065,Apples,1680 Vinland WAY ,Apples,FL,34105
5066,Apples,835 11th AVE S ,Apples,FL,34102
5067,Apples,7543 Berkshire Pines DR ,Apples,FL,34104
5068,Apples,13925 Old Coast RD 1104,Apples,fl,34110
5069,Apples,838 Elkcam CIR 406,MARCO ISLAND,FL,34145
5070,Apples,2828 Wild Orchid CT ,Apples,FL,34119
5071,Apples,11515 Peregrine CT ,Apples,FL,34120
5072,Apples,655 16th AVE S ,Apples,FL,34102
5073,Apples,3292 Green Dolphin LN ,Apples,FL,34102
5074,Apples,965 Sandpiper ST J-103,Apples,FL,34102
5075,Apples,3047 Hudson TER ,Apples,FL,34119
5076,Apples,101 8th ST S 201,Apples,FL,34102
5077,Apples,9946 Montiano DR ,Apples,FL,34113
5078,Apples,3580 Avenida Del Vera ,NORTH FORT MYERS,FL,33917
5079,Apples,5261 PALMETTO WOODS DR ,Apples,FL,34119-2817
5080,Apples,850 Central AVE 202,Apples,FL,34102
5081,Apples,850 Central AVE 311,Apples,FL,34102
5082,Apples,850 Central AVE 310,Apples,FL,34102
5083,Apples,1590 Jamaica CT ,MARCO ISLAND,FL,34145
5084,Apples,1188 Galleon DR ,Apples,FL,34102
5085,Apples,3320 RUM ROW ,Apples,FL,34102
5086,Apples,101 8th ST S 209,Apples,FL,34102
5087,Apples,3259 Atlantic CIR ,Apples,FL,34119
5088,Apples,18262 Lagos WAY ,Apples,FL,34110
5089,Apples,8477 Bay Colony DR 1401,Apples,FL,34108
5090,Apples,4400 Gulf Shore BLVD N 3-304,Apples,FL,34103
5091,Apples,7673 Mulberry LN ,Apples,FL,34114
5092,Apples,15315 CORSINI WAY ,Apples,FL,34110
5093,Apples,4731 Bonita Bay BLVD 702,BONITA SPRINGS,FL,34134
5094,Apples,5455 FERRIS AVE ,AVE MARIA,FL,34142
5095,Apples,1813 Canby CT ,MARCO ISLAND,FL,34145
5096,Apples,651 Bridgeway LN ,Apples,FL,34108
5097,Apples,4851 Bonita Bay BLVD 704,BONITA SPRINGS,FL,34134
5098,Apples,7675 Arrowhead WAY ,Apples,FL,34114
5099,Apples,2227 San Marco RD 5-104,MARCO ISLAND,FL,34145
5100,Apples,901 10th AVE S ,Apples,FL,34102
5101,Apples,2231 San Marco RD 5-202,MARCO ISLAND,FL,34145
5102,Apples,2690 Cypress Trace CIR 3222,Apples,FL,34119
5103,Apples,4065 Belair LN ,Apples,FL,34103
5104,Apples,1243 Silver Lakes BLVD 308,Apples,FL,34114
5105,Apples,4991 Bonita Bay BLVD 1901,BONITA SPRINGS,FL,34134
5106,Apples,4991 Bonita Bay Blvd 1702,BONITA SPRINGS,FL,34134
5107,Apples,101 8th ST S 301,Apples,FL,34102
5108,Apples,900 Collier BLVD 207,MARCO ISLAND,FL,34145
5109,Apples,4826 West BLVD ,Apples,FL,34103
5110,Apples,9094 Sahalee CT ,Apples,FL,34113
5111,Apples,1041 Winterberry DR ,MARCO ISLAND,FL,34145
5112,Apples,2422 INDIAN PIPE WAY ,Apples,FL,34105
5113,Apples,5985 Pinnacle LN 2-204,Apples,FL,34110
5114,Apples,2132 Paget CIR 1.47,Apples,FL,34112
5115,Apples,12570 Vittoria WAY ,FORT MYERS,FL,33912
5116,Apples,7575 Pelican Bay BLVD 907,Apples,FL,34108
5117,Apples,9110 Capistrano ST S 84-3,Apples,FL,34113
5118,Apples,971 San Marcos BLVD ,Apples,FL,34104
5119,Apples,8473 Bay Colony DR 201,Apples,FL,34108
5120,Apples,2050 Gordon DR ,Apples,FL,34102
5121,Apples,661 Captn Kate CT 50,Apples,FL,34110
5122,Apples,6075 Pelican Bay BLVD 504,Apples,FL,34108
5123,Apples,10475 Gulf Shore DR 133,Apples,FL,34108
5124,Apples,7481 Berkshire Pines DR ,Apples,FL,34104
5125,Apples,760 10th ST S ,Apples,FL,34102
5126,Apples,15106 Frescott WAY ,Apples,FL,34110
5127,Apples,1990 6th ST S ,Apples,FL,34102
5128,Apples,298 Sabal Lake DR ,Apples,FL,34104
5129,Apples,14083 Tivoli TER ,BONITA SPRINGS,FL,34135
5130,Apples,6921 Deep Lagoon LN ,FORT MYERS,FL,33919
5131,Apples,15187 Brolio WAY ,Apples,FL,34110
5132,Apples,36 Cajeput DR ,Apples,FL,34108
5133,Apples,9577 Gulf Shore DR 804,Apples,FL,34108
5134,Apples,12946 Brynwood WAY ,Apples,FL,34105
5135,Apples,19600 Marino Lake CIR N 3004,MIROMAR LAKES,FL,33913
5136,Apples,11118 Gulf Shore DR A-603,Apples,FL,34108
5137,Apples,6670 Beach Resort DR SW 1101,Apples,FL,34114
5138,Apples,180 Seaview CT 716,MARCO ISLAND,FL,34145
5139,Apples,717 Teal CT ,Apples,FL,34108
5140,Apples,22628 Island Pines WAY 1301,FORT MYERS BEACH,FL,33931
5141,Apples,23860 Messina CT ,BONITA SPRINGS,FL,34134
5142,Apples,4468 BRYNWOOD DR ,Apples,FL,34119
5143,Apples,1800 Gordon DR ,Apples,FL,34102
5144,Apples,824 Hideaway CIR E 3-341,MARCO ISLAND,FL,34145
5145,Apples,1171 Collier BLVD ,MARCO ISLAND,FL,34145
5146,Apples,8762 Ferrara CT ,Apples,FL,34114
5147,Apples,20200 Burnside PL 2003,ESTERO,FL,33928
5148,Apples,10751 Vivaldi CT 1202,MIROMAR LAKES,FL,33913
5149,Apples,3295 Fort Charles DR ,Apples,FL,34102
5150,Apples,2925 Cypress Trace CIR 104,Apples,FL,34119
5151,Apples,995 Anglers CV N-304,MARCO ISLAND,FL,34145
5152,Apples,4824 Snarkage DR ,BONITA SPRINGS,FL,34134
5153,Apples,850 Central AVE 307,Apples,FL,34102
5154,Apples,850 Central AVE 303,Apples,FL,34102
5155,Apples,850 Central AVE 301,Apples,FL,34102
5156,Apples,26236 Hickory BLVD 13,BONITA SPRINGS,FL,34134
5157,Apples,4255 Gulf Shore BLVD N 1201,Apples,FL,34103
5158,Apples,1268 22nd AVE N ,Apples,FL,34103
5159,Apples,9620 Monteverdi WAY ,FORT MYERS,FL,33912
5160,Apples,25000 Tamiami TRL E D-150,Apples,FL,34114
5161,Apples,3500 RUM ROW ,Apples,FL,34102
5162,Apples,4951 Gulf Shore BLVD N PH402,Apples,FL,34103
5163,Apples,13925 Old Coast RD 1402,Apples,fl,34110
5164,Apples,970 Cape Marco DR 1407,MARCO ISLAND,FL,34145
5165,Apples,893 Collier CT 3-205,MARCO ISLAND,FL,34145
5166,Apples,6947 Mauna Loa LN ,Apples,FL,34113
5167,Apples,720 Collier BLVD 505,MARCO ISLAND,FL,34145
5168,Apples,977 Iris CT ,MARCO ISLAND,FL,34145
5169,Apples,6634 Trident WAY ,Apples,FL,34108
5170,Apples,107 Wilderness DR C-309,Apples,FL,34105
5171,Apples,1149 Sweetwater LN 4204,Apples,FL,34110
5172,Apples,4966 Bollard CT ,Apples,FL,34112
5173,Apples,13840 Tonbridge CT ,BONITA SPRINGS,FL,34135
5174,Apples,850 Central AVE 305,Apples,FL,34102
5175,Apples,13991 Williston WAY ,Apples,FL,34119
5176,Apples,7515 Stoneybrook DR 834,Apples,FL,34112
5177,Apples,930 Cape Marco DR 1304,MARCO ISLAND,FL,34145
5178,Apples,1188 Rainbow DR ,Apples,FL,34104
5179,Apples,28530 Calabria CT 102,Apples,FL,34110
5180,Apples,4651 Gulf Shore BLVD N 506,Apples,FL,34103
5181,Apples,15508 Orlanda DR ,BONITA SPRINGS,FL,34135
5182,Apples,13915 Old Coast RD 1204,Apples,FL,34110
5183,Apples,219 Malibu CV ,BONITA SPRINGS,FL,34134
5184,Apples,14191 Charthouse CT ,Apples,FL,34114
5185,Apples,8012 Wilfredo CT ,Apples,FL,34114
5186,Apples,101 8th ST S 202,Apples,FL,34102
5187,Apples,10103 Biscayne Bay LN ,Apples,FL,34120
5188,Apples,420 Cove Tower DR 402,Apples,FL,34110
5189,Apples,631 Venezia Grande DR ,Apples,FL,34119
5190,Apples,5926 Drexel CT ,Apples,FL,34119
5191,Apples,3875 Isla Del Sol WAY ,Apples,FL,34114
5192,Apples,8214 Key Royal CIR 115,Apples,FL,34119
5193,Apples,27553 RIVER REACH DR ,BONITA SPRINGS,FL,34134
5194,Apples,9296 SWEETGRASS WAY ,Apples,FL,34108
5195,Apples,80 Seagate DR 7,Apples,FL,34103
5196,Apples,4140 72nd AVE NE ,Apples,FL,34120
5197,Apples,6 Bass LN 6,Apples,FL,34114
5198,Apples,2775 Sunset BLVD ,Apples,FL,34112
5199,Apples,3787 Fort Charles DR ,Apples,FL,34102
5200,Apples,3330 Lakeview DR ,Apples,Fl,34112
5201,Apples,23750 Via Trevi WAY 903,BONITA SPRINGS,FL,34134
5202,Apples,1000 Collier BLVD 705,MARCO ISLAND,FL,34145
5203,Apples,478 Willet AVE ,Apples,FL,34108
5204,Apples,20098 Palermo Lake CT ,ESTERO,FL,33928
5205,Apples,101 8th ST S 303,Apples,FL,34102
5206,Apples,1950 Tarpon RD ,Apples,FL,34102
5207,Apples,9834 Giaveno CIR 1736,Apples,FL,34113
5208,Apples,782 Eagle Creek DR 201,Apples,FL,34113
5209,Apples,8578 Chase Preserve DR ,Apples,FL,34113
5210,Apples,670 Rockport CT ,MARCO ISLAND,FL,34145
5211,Apples,125 Jamaica DR ,Apples,FL,34113
5212,Apples,9003 Shenendoah CIR ,Apples,FL,34113
5213,Apples,60 Eugenia DR ,Apples,FL,34108
5214,Apples,1371 Michigan AVE ,Apples,FL,34103
5215,Apples,5440 Worthington LN 203,Apples,FL,34110
5216,Apples,701 Hollybriar LN ,Apples,FL,34108
5217,Apples,371 1st ST NW ,Apples,FL,34120
5218,Apples,1335 Sandpiper ST ,Apples,FL,34102
5219,Apples,1200 Chelmsford CT 65,Apples,FL,34104
5220,Apples,27694 Bay Point LN ,BONITA SPRINGS,FL,34134
5221,Apples,1135 3RD AVE S 510,Apples,FL,34102
5222,Apples,220 Seaview CT 601,MARCO ISLAND,FL,34145
5223,Apples,470 Launch CIR V-205,Apples,FL,34108
5224,Apples,4690 Winged Foot CT 103,Apples,FL,34112
5225,Apples,6573 MARISSA LOOP 2002,Apples,FL,34108
5226,Apples,28561 Via D Arezzo DR ,BONITA SPRINGS,FL,34135
5227,Apples,17248 Hidden Estates CIR ,FORT MYERS,FL,33908
5228,Apples,3555 Avion Woods CT 504,Apples,FL,34104
5229,Apples,9341 SPRING RUN BLVD 3104,ESTERO,FL,34135
5230,Apples,8943 Saint Lucia DR ,Apples,FL,34114
5231,Apples,4231 Pine Ridge RD ,Apples,FL,34119
5232,Apples,788 Willowbrook DR 502,Apples,FL,34108
5233,Apples,1801 Gulf Shore BLVD N 703,Apples,FL,34102
5234,Apples,721 Rockport CT ,MARCO ISLAND,FL,34145
5235,Apples,13040 Amberley CT 503,BONITA SPRINGS,FL,34135
5236,Apples,7661 Mulberry LN ,Apples,FL,34114
5237,Apples,292 14th AVE S C,Apples,FL,34102
5238,Apples,9815 Giaveno CT 1246,Apples,FL,34113
5239,Apples,300 Horse Creek DR 105,Apples,FL,34110
5240,Apples,2180 Arielle DR 805,Apples,FL,34109
5241,Apples,980 Cape Marco DR 407,MARCO ISLAND,FL,34145
5242,Apples,8680 Cedar Hammock CIR 114,Apples,FL,34112
5243,Apples,1014 Collier BLVD 105,MARCO ISLAND,FL,34145
5244,Apples,1480 Peach PL ,Apples,FL,34117
5245,Apples,6392 Lyford Isle DR ,Apples,FL,34113
5246,Apples,1835 Snook DR ,Apples,FL,34102
5247,Apples,26435 Bay RD ,BONITA SPRINGS,FL,34134
5248,Apples,697 Lambton LN ,Apples,FL,34104
5249,Apples,2084 Fairmont LN ,Apples,FL,34120
5250,Apples,9727 Acqua CT 424,Apples,FL,34113
5251,Apples,9123 Strada PL 7417,Apples,FL,34108
5252,Apples,240 Palm DR #3,Apples,FL,34112
5253,Apples,2280 Hawksridge LOOP ,Apples,FL,34105
5254,Apples,1063 Frank Whiteman BLVD ,Apples,FL,34103
5255,Apples,6000 Cajeput LN ,BONITA SPRINGS,FL,34134
5256,Apples,1223 Gordon River TRL ,Apples,FL,34105
5257,Apples,4021 Gulf Shore BLVD N PH11,Apples,FL,34103
5258,Apples,9147 Delano ST 96-6,Apples,FL,34113
5259,Apples,2129 Mission DR ,Apples,FL,34109
5260,Apples,960 Swallow AVE 203,MARCO ISLAND,FL,34145
5261,Apples,4714 ARBORETUM CIR 104,Apples,FL,34112
5262,Apples,6448 Huntington Lakes CIR 101,Apples,FL,34119
5263,Apples,265 Indies WAY 2,Apples,FL,34110
5264,Apples,4714 ARBORETUM CIR 101,Apples,FL,34112
5265,Apples,4720 ARBORETUM CIR 101,Apples,FL,34112
5266,Apples,4714 ARBORETUM CIR 102,Apples,FL,34112
5267,Apples,4721 ARBORETUM CIR 102,Apples,FL,34112
5268,Apples,4721 ARBORETUM CIR 202,Apples,FL,34112
5269,Apples,3000 Royal Marco WAY 321,MARCO ISLAND,FL,34145
5270,Apples,26811 Clarkston DR 102,BONITA SPRINGS,FL,34135
5271,Apples,17026 Porta Vecchio WAY 202,Apples,FL,34110
5272,Apples,28571 Calabria CT 102,Apples,FL,34110
5273,Apples,222 Harbour DR 311,Apples,FL,34103
5274,Apples,1085 Bald Eagle DR B503,MARCO ISLAND,FL,34145
5275,Apples,124 Rose LN 112,Apples,FL,34114
5276,Apples,4720 ARBORETUM CIR 103,Apples,FL,34112
5277,Apples,4780 Shinnecock Hills CT #-202,Apples,FL,34112
5278,Apples,3003 6th ST SW ,LEHIGH ACRES,FL,33976
5279,Apples,4651 Gulf Shore BLVD N 707,Apples,FL,34103
5280,Apples,590 WEDGE DR ,Apples,FL,34103
5281,Apples,4345 11th AVE SW ,Apples,FL,34116
5282,Apples,9259 Quarter Moon DR ,Apples,FL,34109
5283,Apples,425 Putter Point DR ,Apples,FL,34103
5284,Apples,420 Fox Haven DR 3208,Apples,FL,34104
5285,Apples,4031 Gulf Shore BLVD N 3C,Apples,FL,34103
5286,Apples,5445 25th PL SW ,Apples,FL,34116
5287,Apples,522 39th AVE NE ,Apples,Fl,34120
5288,Apples,15714 Villoresi WAY ,Apples,FL,34110
5289,Apples,870 Collier BLVD 206,MARCO ISLAND,FL,34145
5290,Apples,603 West ST ,Apples,FL,34108
5291,Apples,4510 Botanical Place CIR 301,Apples,FL,34112
5292,Apples,5414 Warren ST ,Apples,FL,34113
5293,Apples,8879 Lely Island CIR ,Apples,FL,34113
5294,Apples,3528 Everglades BLVD N ,Apples,FL,34120
5295,Apples,413 Leawood CIR ,Apples,FL,34104
5296,Apples,238 Pebble Beach BLVD 607,Apples,FL,34113
5297,Apples,14091 Heritage Landing BLVD 118,PUNTA GORDA,FL,33955
5298,Apples,8508 Bellagio DR ,Apples,FL,34114
5299,Apples,18081 Lagos WAY ,Apples,FL,34110
5300,Apples,25750 Hickory BLVD . PH-758 E,BONITA SPRINGS,FL,34134
5301,Apples,4971 Bonita Bay BLVD 806,BONITA SPRINGS,FL,34134
5302,Apples,16664 Lucarno WAY ,Apples,FL,34110
5303,Apples,20373 Cypress Shadows BLVD ,ESTERO,FL,33928
5304,Apples,4843 Hampshire CT 2-303,Apples,FL,34112
5305,Apples,2361 Lantern LN ,Apples,FL,34102
5306,Apples,1370 17th ST SW ,Apples,FL,34117
5307,Apples,9980 Vanderbilt DR ,Apples,FL,34108
5308,Apples,22891 Sago Pointe DR 2004,ESTERO,FL,34135
5309,Apples,3000 Oasis Grand BLVD 2604,FORT MYERS,FL,33916
5310,Apples,28557 Sicily LOOP ,BONITA SPRINGS,FL,34135
5311,Apples,3100 Gordon DR ,Apples,FL,34102
5312,Apples,3812 Ruby WAY ,Apples,FL,34114
5313,Apples,3008 7th ST W ,LEHIGH ACRES,FL,33971
5314,Apples,15524 Monterosso LN 102,Apples,FL,34110
5315,Apples,19 Marco Villas DR O-5,MARCO ISLAND,FL,34145
5316,Apples,318 Harvard LN ,Apples,FL,34104
5317,Apples,3621 Wild Pines DR 211,BONITA SPRINGS,FL,34134
5318,Apples,6916 Avalon 107,Apples,fl,34112
5319,Apples,28040 Castellano WAY ,Apples,FL,34110
5320,Apples,7548 Berkshire Pines DR ,Apples,FL,34104
5321,Apples,49 High Point CIR S 202,Apples,FL,34103
5322,Apples,15163 Brolio LN ,Apples,FL,34110
5323,Apples,6578 Ridgewood DR ,Apples,FL,34108
5324,Apples,5080 Hawthorn Woods WAY ,Apples,FL,34116
5325,Apples,565 Whispering Pine LN ,Apples,FL,34103
5326,Apples,257 Baltusrol DR ,Apples,FL,34113
5327,Apples,57 Temple LN 180,Apples,FL,34114
5328,Apples,11746 Forest Mere DR ,BONITA SPRINGS,FL,34135
5329,Apples,409 Capri BLVD ,Apples,FL,34113
5330,Apples,4785 4th AVE NE ,Apples,FL,34120
5331,Apples,7128 Timberland CIR 102,Apples,FL,34109
5332,Apples,941 Embassy CT ,MARCO ISLAND,FL,34145
5333,Apples,1082 Grove DR ,Apples,FL,34120
5334,Apples,1000 Admiralty Parade ,Apples,FL,34102
5335,Apples,2250 Hidden Lake DR 309,Apples,FL,34112
5336,Apples,1695 Ludlow RD ,MARCO ISLAND,FL,34145
5337,Apples,4151 Gulf Shore BLVD N 1102,Apples,FL,34103
5338,Apples,6273 Lightbourn WAY ,Apples,FL,34113
5339,Apples,13021 Bridgeford Ave ,BONITA SPRINGS,FL,34135
5340,Apples,2710 Cypress Trace CIR 3028,Apples,FL,34119
5341,Apples,16724 Enclave CIR ,Apples,FL,34110
5342,Apples,1963 Gulf Shore BLVD S ,Apples,FL,34102
5343,Apples,1200 Edington PL A404,MARCO ISLAND,FL,34145
5344,Apples,13925 Old Coast RD 302,Apples,fl,34110
5345,Apples,800 River Point DR 541,Apples,FL,34102
5346,Apples,14892 Sterling Oaks DR ,Apples,FL,34110
5347,Apples,8917 Saint Lucia DR ,Apples,FL,34114
5348,Apples,3112 Strada Bella CT ,Apples,FL,34119
5349,Apples,15475 Marcello CIR 224,Apples,FL,34110
5350,Apples,700 Bentwater CIR 203,Apples,FL,34108
5351,Apples,200 Misty Pines CIR B-101,Apples,FL,34105
5352,Apples,760 Waterford DR 302,Apples,FL,34113
5353,Apples,2233 San Marco RD 5-203,MARCO ISLAND,FL,34145
5354,Apples,5075 Castlerock WAY ,Apples,FL,34112
5355,Apples,7575 Pelican Bay BLVD 1706,Apples,FL,34108
5356,Apples,795 Anderson DR ,Apples,FL,34103
5357,Apples,4816 Cerromar Dr. Cerromar DR ,Apples,FL,34112
5358,Apples,10951 Gulf Shore DR 1502,Apples,FL,34108
5359,Apples,827 Ashburton DR ,Apples,FL,34110
5360,Apples,4150 Crayton RD B2,Apples,FL,34103
5361,Apples,3215 Gulf Shore BLVD N 301N,Apples,FL,34103
5362,Apples,5215 Treetops DR I-O-3,Apples,FL,34113
5363,Apples,8860 Mustang Island CIR ,Apples,FL,34113
5364,Apples,4795 Aston Gardens WAY D-201,Apples,FL,34109
5365,Apples,16859 Caminetto CT ,Apples,FL,34110
5366,Apples,3000 Oasis Grand BLVD 2204,FORT MYERS,FL,33916
5367,Apples,13500 Southampton DR ,BONITA SPRINGS,FL,34135
5368,Apples,350 Collier BLVD 208,MARCO ISLAND,FL,34145
5369,Apples,2900 Gulf Shore BLVD N 412,Apples,FL,34103
5370,Apples,120 Bonita CT ,MARCO ISLAND,FL,34145
5371,Apples,28570 Calabria CT 102,Apples,FL,34110
5372,Apples,1913 Mission DR ,Apples,FL,34109
5373,Apples,1007 Tivoli DR ,Apples,FL,34104
5374,Apples,11606 Quail Village WAY ,Apples,FL,34119
5375,Apples,9400 Highland Woods BLVD 5108,BONITA SPRINGS,FL,34135
5376,Apples,280 collier BLVD S 1202,MARCO ISLAND,FL,34145
5377,Apples,2488 Breakwater WAY 13-202,Apples,FL,34112
5378,Apples,7433 Winding Cypress DR ,Apples,FL,34114
5379,Apples,11572 Mahogany RUN ,FORT MYERS,FL,33913
5380,Apples,2835 Cypress Trace CIR 103,Apples,FL,34119
5381,Apples,4662 Idylwood LN ,Apples,FL,34119
5382,Apples,4991 Bonita Bay Blvd 2503,BONITA SPRINGS,FL,34134
5383,Apples,1466 Curlew AVE ,Apples,FL,34102
5384,Apples,4991 Bonita Bay Blvd 1903,BONITA SPRINGS,FL,34134
5385,Apples,52 Southport CV ,BONITA SPRINGS,FL,34134
5386,Apples,3210 Cotuit LN ,Apples,FL,34114
5387,Apples,105 Clubhouse DR D-156,Apples,FL,34105
5388,Apples,27568 Riverbank DR ,BONITA SPRINGS,FL,34134
5389,Apples,3442 Wellfleet LN ,Apples,FL,34114
5390,Apples,4960 Shaker Heights CT 101,Apples,FL,34112
5391,Apples,3645 Boca Ciega DR 205,Apples,FL,34112
5392,Apples,25820 HICKORY BLVD D-401,BONITA SPRINGS,FL,34134-3635
5393,Apples,940 Palm View DR 115,Apples,FL,34110
5394,Apples,3610 Bay Creek DR ,BONITA SPRINGS,FL,34134
5395,Apples,3780 Sawgrass WAY 3322,Apples,FL,34112
5396,Apples,157 Center ST ,Apples,FL,34108
5397,Apples,2060 Isla Vista LN ,Apples,FL,34105
5398,Apples,2995 Kings Lake BLVD ,Apples,FL,34112
5399,Apples,48 14th ST S ,Apples,FL,34102
5400,Apples,790 14th ST SE ,Apples,FL,34117
5401,Apples,72 Southport CV ,BONITA SPRINGS,FL,34134
5402,Apples,4991 Bonita Bay Blvd 2601,BONITA SPRINGS,FL,34134
5403,Apples,2229 41st TER SW ,Apples,FL,34116
5404,Apples,28708 La Caille DR ,Apples,FL,34119
5405,Apples,3275 Green Dolphin LN ,Apples,FL,34102
5406,Apples,2722 3rd LN ,CAPE CORAL,FL,33991
5407,Apples,6963 Cay CT ,Apples,FL,34113
5408,Apples,7810 Gardner DR 202,Apples,FL,34109
5409,Apples,271 Southbay DR 237,Apples,FL,34108
5410,Apples,6461 Bottlebrush LN ,Apples,FL,34109
5411,Apples,6101 Pelican Bay Blvd 102,Apples,Fl,34108
5412,Apples,216 Palm DR 5,Apples,FL,34112
5413,Apples,806 Knollwood CT ,Apples,FL,34108
5414,Apples,748 Caribbean CT ,MARCO ISLAND,FL,34145
5415,Apples,3115 Gulf Shore BLVD N 312S,Apples,FL,34103
5416,Apples,6044 Huntington Woods DR 138-1,Apples,FL,34112
5417,Apples,7679 Victoria Cove CT ,FORT MYERS,FL,33908
5418,Apples,2587 Twinflower LN ,Apples,FL,34105
5419,Apples,7753 Victoria Cove CT ,FORT MYERS,FL,33908
5420,Apples,780 13th AVE S B1,Apples,FL,34102
5421,Apples,503 Ridge DR ,Apples,FL,34108
5422,Apples,199 San Mateo DR ,BONITA SPRINGS,FL,34134
5423,Apples,17015 Porta Vecchio WAY 102,Apples,FL,34110
5424,Apples,4268 Tarpon AVE ,BONITA SPRINGS,FL,34134
5425,Apples,4270 Tarpon AVE ,BONITA SPRINGS,FL,34134
5426,Apples,3800 Sawgrass WAY 3134,Apples,FL,34112
5427,Apples,960 Cape Marco DR 1202,MARCO ISLAND,FL,34145
5428,Apples,2756 Tiburon BLVD E 1-101,Apples,FL,34109
5429,Apples,24660 Canary Island CT 202,BONITA SPRINGS,FL,34134
5430,Apples,3670 Periwinkle WAY 1-22,Apples,FL,34114
5431,Apples,7209 Acorn WAY ,Apples,FL,34119
5432,Apples,143 Saxon ST ,MARCO ISLAND,FL,34145
5433,Apples,6329 Serano WAY ,Apples,FL,34113
5434,Apples,6164 Mandalay CIR 10,Apples,FL,34112
5435,Apples,656 Palm CIR W ,Apples,FL,34102
5436,Apples,4931 Bonita Bay BLVD 303,BONITA SPRINGS,FL,34134
5437,Apples,579 Park Shore DR I-1,Apples,FL,34103
5438,Apples,3144 Apple Blossom DR ,ALVA,FL,33920
5439,Apples,20219 Larino LOOP ,ESTERO,FL,33928
5440,Apples,1200 Reserve WAY 105,Apples,FL,34105
5441,Apples,1105 Reserve CT 204,Apples,FL,34105
5442,Apples,1770 4th ST S ,Apples,FL,34102
5443,Apples,6185 Reserve CIR 1404,Apples,FL,34119
5444,Apples,26069 Fawnwood CT ,BONITA SPRINGS,FL,34134
5445,Apples,1111 Central AVE 416,Apples,FL,34102
5446,Apples,385 Willet AVE ,Apples,FL,34108
5447,Apples,14860 Jonathan Harbour DR ,FORT MYERS,FL,33908
5448,Apples,451 Bayfront PL 5209,Apples,FL,34102
5449,Apples,5745 Lancewood WAY ,Apples,FL,34116
5450,Apples,1284 Michigan AVE ,Apples,FL,34103
5451,Apples,1857 San Marco RD PH-1,MARCO ISLAND,FL,34145
5452,Apples,1150 Rainbow DR ,Apples,FL,34104
5453,Apples,820 RIVER POINT DR 3,Apples,FL,34102-3452
5454,Apples,4851 Bonita Bay BLVD 2202,BONITA SPRINGS,FL,34134
5455,Apples,3150 Leeward LN ,Apples,FL,34103
5456,Apples,26811 Clarkston DR 103,BONITA SPRINGS,FL,34135
5457,Apples,275 Indies WAY 401,Apples,FL,34110
5458,Apples,640 Fairway TER ,Apples,FL,34103
5459,Apples,752 Briarwood BLVD ,Apples,FL,34104
5460,Apples,265 Indies WAY 5,Apples,FL,34110
5461,Apples,10022 Vanderbilt DR ,Apples,FL,34108
5462,Apples,37 Cypress Point DR ,Apples,FL,34105
5463,Apples,4952 Westchester CT 3901,Apples,FL,34105
5464,Apples,1505 Clermont DR B-102,Apples,FL,34109
5465,Apples,388 Colonial AVE ,MARCO ISLAND,FL,34145
5466,Apples,1924 Blackstone CIR ,Apples,FL,34109
5467,Apples,546 Avellino Isles CIR 11301,Apples,FL,34119
5468,Apples,100 Glenview PL 700/701,Apples,FL,34108
5469,Apples,6075 Pelican Bay BLVD 1404,Apples,FL,34108
5470,Apples,1686 Blue Point AVE A4,Apples,FL,34102
5471,Apples,3402 Tigris LN ,Apples,FL,34119
5472,Apples,1119 Dorchester CT S 60,Apples,FL,34104
5473,Apples,777 Walkerbilt RD 25,Apples,FL,34110
5474,Apples,26556 Bonita Fairways BLVD ,BONITA SPRINGS,FL,34135
5475,Apples,29150 Marcello WAY ,Apples,FL,34110
5476,Apples,10070 Palazzo DR ,Apples,FL,34119
5477,Apples,3543 Windjammer CIR 1904,Apples,FL,34112
5478,Apples,1200 Bluebird AVE ,MARCO ISLAND,FL,34145
5479,Apples,387 Bow Line DR ,Apples,FL,34103
5480,Apples,6661 Alden Woods CIR 9-101,Apples,FL,34113
5481,Apples,1905 Imperial Golf Course BLVD ,Apples,FL,34110
5482,Apples,310 Robin Hood CIR 201,Apples,FL,34104
5483,Apples,28497 Azzili WAY ,BONITA SPRINGS,FL,34135
5484,Apples,2152 Pigeon Plum WAY ,NORTH FORT MYERS,FL,33917
5485,Apples,2148 Pigeon Plum WAY ,NORTH FORT MYERS,FL,33917
5486,Apples,2144 Pigeon Plum WAY ,NORTH FORT MYERS,FL,33917
5487,Apples,1530 5th AVE S C-203,Apples,FL,34102
5488,Apples,9584 TREVI CT 5231,Apples,FL,34113
5489,Apples,1810 Leamington LN ,Apples,FL,34109
5490,Apples,4875 Pelican Colony BLVD 804,BONITA SPRINGS,FL,34134
5491,Apples,4601 Gulf Shore BLVD N 23,Apples,FL,34103
5492,Apples,55 Fairview BLVD ,FORT MYERS BEACH,FL,33931
5493,Apples,6200 Reserve CIR 403,Apples,FL,34119
5494,Apples,8659 Blue Flag WAY ,Apples,FL,34109
5495,Apples,510 Harbour DR ,Apples,FL,34103
5496,Apples,1180 Wildwood Lakes BLVD 106,Apples,FL,34104
5497,Apples,28455 Altessa WAY 201,BONITA SPRINGS,FL,34135
5498,Apples,76 Vanda Sanctuary 76,Apples,FL,34114
5499,Apples,218 Geranium CT ,MARCO ISLAND,FL,34145
5500,Apples,8720 Bay Colony DR PH 704,Apples,FL,34108
5501,Apples,331 Cromwell CT ,Apples,FL,34108
5502,Apples,1036 Collier BLVD PH-C,MARCO ISLAND,FL,34145
5503,Apples,1050 Borghese LN 2105,Apples,FL,34114
5504,Apples,2000 Royal Marco WAY 2-307,MARCO ISLAND,FL,34145
5505,Apples,285 NAPLES COVE DRIVE 1102,Apples,FL,34110
5506,Apples,3148 Apple Blossom DR ,ALVA,FL,33920
5507,Apples,1050 Borghese LN 1001,Apples,FL,34114
5508,Apples,10331 Autumn Breeze DR 202,ESTERO,FL,34135
5509,Apples,680 Waterside DR ,MARCO ISLAND,FL,34145
5510,Apples,213 Windbrook CT ,MARCO ISLAND,FL,34145
5511,Apples,227 13th ST S ,Apples,FL,34102
5512,Apples,2092 Pigeon Plum WAY ,NORTH FORT MYERS,FL,33917
5513,Apples,1420 Via Portofino ,Apples,FL,34108
5514,Apples,5953 Sand Wedge LN 607,Apples,FL,34110
5515,Apples,7260 Coventry CT 407,Apples,FL,34104
5516,Apples,752 Hull CT ,MARCO ISLAND,FL,34145
5517,Apples,25750 Hickory BLVD 456E,BONITA SPRINGS,FL,34134
5518,Apples,175 Palm DR 19-J,Apples,FL,34112
5519,Apples,416 Sugar Pine LN 416,Apples,FL,34108
5520,Apples,1886 Seville BLVD 1622,Apples,FL,34109
5521,Apples,58 Collier BLVD 606,MARCO ISLAND,FL,34145
5522,Apples,2100 Gulf Shore BLVD N 118,Apples,FL,34102
5523,Apples,6007 Hammock Isles CIR ,Apples,FL,34119
5524,Apples,365 Cypress WAY W ,Apples,FL,34110
5525,Apples,6581 Costa CIR ,Apples,FL,34113
5526,Apples,3310 Hamlet DR 3,Apples,FL,34105
5527,Apples,5646 Woodmere Lake CIR C-104,Apples,FL,34112
5528,Apples,3 Bluebill AVE 812,Apples,FL,34108
5529,Apples,8854 Shenendoah CIR ,Apples,FL,34113
5530,Apples,13280 Southampton DR ,BONITA SPRINGS,FL,34135
5531,Apples,321 Chancery CIR ,Apples,FL,34110
5532,Apples,1871 16th ST NE ,Apples,fl,34120
5533,Apples,11002 Vanderbilt DR ,Apples,FL,34108
5534,Apples,3465 29TH AVE NE ,Apples,FL,34120
5535,Apples,8893 Saint Lucia DR ,Apples,FL,34114
5536,Apples,100 Collier BLVD PH-2,MARCO ISLAND,FL,34145
5537,Apples,4151 Gulf Shore BLVD N 902,Apples,FL,34103
5538,Apples,223 Seahorse CT ,MARCO ISLAND,FL,34145
5539,Apples,3660 Kent DR ,Apples,FL,34112
5540,Apples,951 Collier BLVD PH-1,MARCO ISLAND,FL,34145
5541,Apples,1801 Gulf Shore BLVD N 302,Apples,FL,34102
5542,Apples,27299 TENNESSEE ST ,BONITA SPRINGS,FL,34135
5543,Apples,9921 Montiano DR ,Apples,FL,34113
5544,Apples,9837 Montiano PL ,Apples,FL,34113
5545,Apples,925 Vistana CIR 4,Apples,FL,34119
5546,Apples,6810 Mangrove AVE ,Apples,FL,34109
5547,Apples,6815 Mangrove AVE N ,Apples,FL,34109
5548,Apples,1265 Wildwood Lakes BLVD 106,Apples,FL,34104
5549,Apples,6704 Old Banyan WAY ,Apples,FL,34109
5550,Apples,7970 Mahogany Run LN E 212,Apples,FL,34113
5551,Apples,15143 Brolio LN ,Apples,FL,34110
5552,Apples,1678 Mcilvaine CT ,MARCO ISLAND,FL,34145
5553,Apples,643 Bimini AVE ,MARCO ISLAND,FL,34145
5554,Apples,1027 Anglers CV B-502,MARCO ISLAND,FL,34145
5555,Apples,6566 Highcroft DR ,Apples,FL,34119
5556,Apples,1205 Pocantico LN ,Apples,FL,34110
5557,Apples,1671 Piedmont CIR ,MARCO ISLAND,FL,34145
5558,Apples,12051 Rosemount DR ,FORT MYERS,FL,33913
5559,Apples,8457 Radcliffe TER N 202,Apples,FL,34120
5560,Apples,3864 Isla Del Sol WAY ,Apples,FL,34114
5561,Apples,5967 Sand Wedge LN 104,Apples,FL,34110
5562,Apples,3180 Seasons WAY 908,ESTERO,FL,33928
5563,Apples,985 Sandpiper ST I-202,Apples,FL,34102
5564,Apples,380 Seaview CT 711,MARCO ISLAND,FL,34145
5565,Apples,1304 Sand Castle RD ,SANIBEL,FL,33957
5566,Apples,75 East AVE ,Apples,FL,34108
5567,Apples,2425 Mont Claire CT 202,Apples,FL,34109
5568,Apples,2947 64th AVE NE ,Apples,Fl,34120
5569,Apples,308 Foxtail CT 3-308,Apples,FL,34104
5570,Apples,2106 25th TER ,CAPE CORAL,FL,33914
5571,Apples,7189 Dominica DR ,Apples,FL,34113
5572,Apples,200 Valley Stream DR 1,Apples,FL,34113
5573,Apples,425 Dockside DR 406,Apples,FL,34110
5574,Apples,9224 Campanile CIR 203,Apples,FL,34114
5575,Apples,1857 Plumbago WAY ,Apples,FL,34105
5576,Apples,2855 Royal Gardens AVE ,FORT MYERS,FL,33916
5577,Apples,117 Channel DR ,Apples,FL,34108
5578,Apples,140 Seaview CT 1106N,MARCO ISLAND,FL,34145
5579,Apples,732 8th AVE S ,Apples,FL,34102
5580,Apples,6920 Cocoplum ST ,Apples,FL,34114
5581,Apples,167 ARBOR BLVD ,Apples,FL,34119
5582,Apples,287 Albi RD 3,Apples,FL,34112
5583,Apples,11760 Carradale CT ,Apples,FL,34120
5584,Apples,750 Waterford DR 101,Apples,FL,34113
5585,Apples,105 FELIPE LN ,BONITA SPRINGS,FL,34134
5586,Apples,2713 Callista CT 102,Apples,FL,34114
5587,Apples,1254 Silverstrand DR ,Apples,FL,34110
5588,Apples,1318 Bayport AVE ,MARCO ISLAND,FL,34145
5589,Apples,8957 Mustang Island CIR ,Apples,FL,34113
5590,Apples,901 Reef Point CIR ,Apples,FL,34108
5591,Apples,9759 Bentgrass BEND ,Apples,FL,34108
5592,Apples,8000 Cordoba PL ,Apples,FL,34113
5593,Apples,610 Sunset DR ,GOODLAND,FL,34140
5594,Apples,295 Grande WAY 2,Apples,FL,34110
5595,Apples,12024 Ledgewood CIR ,FORT MYERS,FL,33913
5596,Apples,160 Vintage CIR J-102,Apples,FL,34119
5597,Apples,9719 Acqua CT 216,Apples,FL,34113
5598,Apples,7515 PELICAN BAY BLVD 2A,Apples,FL,34108
5599,Apples,1050 Borghese LN 1202,Apples,FL,34114
5600,Apples,16737 Cabreo DR ,Apples,FL,34110
5601,Apples,485 Spinnaker CT ,Apples,FL,34102
5602,Apples,350 Collier BLVD 302,MARCO ISLAND,FL,34145
5603,Apples,6822 Mangrove AVE ,Apples,FL,34109
5604,Apples,2640 Grey Oaks DR N B-26,Apples,FL,34105
5605,Apples,3011 Crayton RD ,Apples,FL,34103
5606,Apples,174 Collier BLVD 1203,MARCO ISLAND,FL,34145
5607,Apples,4083 Aspen Chase DR ,Apples,FL,34119
5608,Apples,965 Sandpiper ST J-206,Apples,FL,34102
5609,Apples,1770 52nd TER SW ,Apples,FL,34116
5610,Apples,2724 Van Buren AVE ,Apples,FL,34112-6302
5611,Apples,3570 14th AVE NE ,Apples,FL,34120
5612,Apples,1091 Tivoli DR ,Apples,FL,34104
5613,Apples,4401 Gulf Shore BLVD N 1606,Apples,FL,34103
5614,Apples,10263 BONAVIE COVE DR ,FORT MYERS,FL,33966
5615,Apples,3 Plantation PKY ,EVERGLADES CITY,FL,34139
5616,Apples,6563 GOOD LIFE ST ,FORT MYERS,FL,33966
5617,Apples,1001 Foxfire LN 309,Apples,FL,34104
5618,Apples,8960 Bay Colony DR 203,Apples,FL,34108
5619,Apples,7700 Woodbrook CIR 4503,Apples,FL,34104
5620,Apples,8135 Celeste DR 4219,Apples,FL,34113
5621,Apples,11125 Gulf Shore DR 1002,Apples,FL,34108
5622,Apples,7056 Pelican Bay BLVD B-105,Apples,FL,34108
5623,Apples,8447 Radcliffe TER #205,Apples,FL,34120
5624,Apples,79 Atlantic WAY 79,Apples,FL,34104
5625,Apples,7589 Rozzini LN ,Apples,FL,34114
5626,Apples,189 Collier BLVD C-201,MARCO ISLAND,FL,34145
5627,Apples,16700 Lucarno WAY ,Apples,FL,34110
5628,Apples,8172 Jefferson CT ,Apples,FL,34104
5629,Apples,970 Cape Marco DR 902,MARCO ISLAND,FL,34145
5630,Apples,6300 Pelican Bay BLVD A-405,Apples,FL,34108
5631,Apples,624 Ridge DR ,Apples,FL,34108
5632,Apples,4728 West BLVD N-8,Apples,FL,34103
5633,Apples,25810 Hickory BLVD 106,BONITA SPRINGS,FL,34134
5634,Apples,14674 Fern Lake CT ,Apples,FL,34114
5635,Apples,8631 Blue Flag WAY ,Apples,FL,34109
5636,Apples,2916 Cottage Grove AVE ,Apples,FL,34112-7312
5637,Apples,2707 VILLA AVE S ,LEHIGH ACRES,FL,33976
5638,Apples,4112 19TH ST SW ,LEHIGH ACRES,FL,33976
5639,Apples,12243 Colliers Reserve DR ,Apples,FL,34110
5640,Apples,16397 Corsica WAY ,Apples,FL,34110
5641,Apples,197 Bald Eagle DR ,MARCO ISLAND,FL,34145
5642,Apples,26130 Hickory BLVD 5B,BONITA SPRINGS,FL,34134
5643,Apples,980 Cape Marco DR 1206,MARCO ISLAND,FL,34145
5644,Apples,1645 Windy Pines DR 2310,Apples,FL,34112
5645,Apples,1124 Augusta Falls WAY ,Apples,FL,34119
5646,Apples,3115 Riviera DR ,Apples,FL,34103
5647,Apples,15975 Leaning Pine LN ,Babcock Ranch,FL,33982
5648,Apples,1122 Elegans ST E ,LEHIGH ACRES,FL,33974
5649,Apples,961 Collier CT 109,MARCO ISLAND,FL,34145
5650,Apples,2750 Medallist LN ,Apples,FL,34109
5651,Apples,3435 Gold Flower ST ,ALVA,FL,33920
5652,Apples,4771 West BLVD ,Apples,FL,34103
5653,Apples,1136 Bald Eagle DR 104,MARCO ISLAND,FL,34145
5654,Apples,4801 Bonita Bay BLVD 602,BONITA SPRINGS,FL,34134
5655,Apples,2585 Old Groves RD L-202,Apples,FL,34109
5656,Apples,5095 Castlerock WAY ,Apples,FL,34112
5657,Apples,16371 Viansa WAY 16-101,Apples,FL,34110
5658,Apples,26330 Woodlyn DR SW ,BONITA SPRINGS,FL,34134
5659,Apples,573 Ridge DR ,Apples,FL,34108
5660,Apples,12534 Fenhurst WAY ,Apples,FL,34120
5661,Apples,1050 Borghese LN 1003,Apples,FL,34114
5662,Apples,1648 Vinland WAY ,Apples,FL,34105
5663,Apples,5254 Messina ST ,AVE MARIA,FL,34142
5664,Apples,4801 Bonita Bay BLVD 2302,BONITA SPRINGS,FL,34134
5665,Apples,2085 Painted Palm DR ,Apples,FL,34119
5666,Apples,6821 Bequia WAY ,Apples,FL,34113
5667,Apples,256 Price ST ,Apples,FL,34113
5668,Apples,5831 Persimmon WAY ,Apples,FL,34110
5669,Apples,780 COLLIER BLVD 613,MARCO ISLAND,FL,34145
5670,Apples,545 104th AVE N ,Apples,FL,34108
5671,Apples,3258 Ibiza LN ,Apples,FL,34114
5672,Apples,3220 Rum Row ,Apples,FL,34102
5673,Apples,2700 Gordon DR ,Apples,FL,34102
5674,Apples,3149 Aviamar CIR 201,Apples,FL,34114
5675,Apples,320 Horse Creek DR 201,Apples,FL,34110
5676,Apples,426 Vanda Sanctuary 426,Apples,FL,34114
5677,Apples,778 Pelican CT ,MARCO ISLAND,FL,34145
5678,Apples,3333 10th AVE SE ,Apples,FL,34117
5679,Apples,2120 Holiday LN ,Apples,FL,34104
5680,Apples,2096 Pigeon Plum WAY ,NORTH FORT MYERS,FL,33917
5681,Apples,23307 Foxberry LN ,ESTERO,FL,34135
5682,Apples,8447 Radcliffe TER 203,Apples,FL,34120
5683,Apples,3311 Golden Gate BLVD E ,Apples,FL,34120
5684,Apples,1785 Gulf Shore BLVD N 5,Apples,FL,34102
5685,Apples,176 Collier BLVD 1002,MARCO ISLAND,FL,34145
5686,Apples,11125 Gulf Shore DR 407,Apples,FL,34108
5687,Apples,1035 3rd AVE S 519,Apples,FL,34102
5688,Apples,206 La Peninsula BLVD 206,Apples,FL,34113
5689,Apples,798 Sea CT ,MARCO ISLAND,FL,34145
5690,Apples,2601 Gulf Shore BLVD N 27,Apples,FL,34103
5691,Apples,4931 Bonita Bay BLVD 803,BONITA SPRINGS,FL,34134
5692,Apples,4410 Plumage CT ,BONITA SPRINGS,FL,34134
5693,Apples,366 Henderson CT ,MARCO ISLAND,FL,34145
5694,Apples,525 Saratoga CIR G-201,Apples,FL,34104
5695,Apples,15959 Leaning Pine LN ,Babcock Ranch,FL,3305
5696,Apples,3194 Serenity CT 202,Apples,FL,34114
5697,Apples,26200 Clarkston DR 204,BONITA SPRINGS,FL,34135
5698,Apples,803 River Point DR 301B,Apples,FL,34102
5699,Apples,10526 Smokehouse Bay DR 101,Apples,FL,34120
5700,Apples,15298 Pembroke PT ,Apples,FL,34110
5701,Apples,7768 Classics DR ,Apples,FL,34113
5702,Apples,2814 Aviamar CIR ,Apples,FL,34114
5703,Apples,8081 Players Cove DR 102,Apples,FL,34113
5704,Apples,9243 Veneto PL ,Apples,FL,34113
5705,Apples,6084 Victory Dr ,AVE MARIA,FL,34142
5706,Apples,221 Hideaway CIR N ,MARCO ISLAND,FL,34145
5707,Apples,13631 Worthington WAY 1704,BONITA SPRINGS,FL,34135
5708,Apples,643 Beachwalk CIR D-204,Apples,FL,34108
5709,Apples,10701 Gulf Shore DR 702,Apples,FL,34108
5710,Apples,661 Elkcam CIR 915,MARCO ISLAND,FL,34145
5711,Apples,3941 Kens WAY 1403,BONITA SPRINGS,FL,34134
5712,Apples,630 Club Marco CIR 102,MARCO ISLAND,FL,34145
5713,Apples,5958 Sand Wedge LN 503,Apples,FL,34110
5714,Apples,940 Cape Marco DR 2005,MARCO ISLAND,FL,34145
5715,Apples,16358 Corsica WAY 201,Apples,FL,34110
5716,Apples,1104 Dixie AVE ,LEHIGH ACRES,FL,33972
5717,Apples,26388 Clarkston DR ,BONITA SPRINGS,FL,34135
5718,Apples,799 104th AVE N ,Apples,FL,34108
5719,Apples,691 Annemore LN ,Apples,FL,34108
5720,Apples,437 West ST ,Apples,FL,34108
5721,Apples,1651 Bermuda Greens BLVD C9,Apples,FL,34110
5722,Apples,5855 Rolling Pines DR ,Apples,FL,34110
5723,Apples,149 Caribbean CT ,Apples,FL,34108
5724,Apples,16622 Firenze WAY ,Apples,FL,34110
5725,Apples,3671 Sapphire Cove Circle CIR ,Apples,Fl,34114
5726,Apples,204 Via Napoli ,Apples,FL,34105
5727,Apples,107 Palm Frond CT ,Apples,FL,34104
5728,Apples,265 Barefoot Beach BLVD 203,BONITA SPRINGS,FL,34134
5729,Apples,9584 Trevi CT 5215,Apples,FL,34113
5730,Apples,9062 Cascada WAY 102,Apples,FL,34114
5731,Apples,72 7th ST S 107,Apples,FL,34102
5732,Apples,4971 Bonita Bay Blvd 305,BONITA SPRINGS,FL,34134
5733,Apples,2843 Crayton RD ,Apples,FL,34103
5734,Apples,28502 Capraia DR ,BONITA SPRINGS,FL,34135
5735,Apples,10701 Gulf Shore DR 1200,Apples,FL,34108
5736,Apples,10031 French Creek LN ,NORTH FORT MYERS,FL,33903
5737,Apples,520 Collier BLVD 506,MARCO ISLAND,FL,34145
5738,Apples,16043 Marche PL ,BONITA SPRINGS,FL,34135
5739,Apples,520 Collier BLVD 1005,MARCO ISLAND,FL,34145
5740,Apples,255 Memory LN 2684,Apples,FL,34112
5741,Apples,850 Central AVE 304,Apples,FL,34102
5742,Apples,4971 Bonita Bay Blvd 1902,BONITA SPRINGS,FL,34134
5743,Apples,101 8th ST S 304,Apples,FL,34102
5744,Apples,850 Central AVE 302,Apples,FL,34102
5745,Apples,368 Warwick WAY ,Apples,FL,34110
5746,Apples,10329 Silver Pond LN ,LEHIGH ACRES,FL,33936
5747,Apples,11518 Centaur WAY ,LEHIGH ACRES,FL,33971
5748,Apples,102 Wilderness DR 3115,Apples,FL,34105
5749,Apples,295 5th AVE S ,Apples,FL,34102
5750,Apples,162 Sunset CAY ,Apples,FL,34114
5751,Apples,12029 Covent Garden CT 2502,Apples,FL,34120
5752,Apples,5635 Rattlesnake Hammock RD 302D,Apples,FL,34113
5753,Apples,676 Thrush CT ,MARCO ISLAND,FL,34145
5754,Apples,209 La Peninsula BLVD ,Apples,FL,34113
5755,Apples,225 EGRET AVE ,Apples,FL,34108
5756,Apples,4051 Gulf Shore BLVD N 1405,Apples,FL,34103
5757,Apples,440 Seaview CT 303,MARCO ISLAND,FL,34145
5758,Apples,12528 Fenhurst WAY ,Apples,FL,34120
5759,Apples,3140 Apple Blossom DR ,ALVA,FL,33920
5760,Apples,7429 Emilia LN ,Apples,FL,34114
5761,Apples,3429 Gold Flower ST ,ALVA,FL,33920
5762,Apples,28526 Wharton DR ,BONITA SPRINGS,FL,34135
5763,Apples,20940 Island Sound CIR 404,ESTERO,FL,33928
5764,Apples,1524 Mainsail DR 1,Apples,FL,34114
5765,Apples,255 BAREFOOT BEACH BLVD 402,BONITA SPRINGS,FL,34134-8562
5766,Apples,15505 Monterosso LN 201,Apples,FL,34110
5767,Apples,7072 Villa Lantana WAY 3.9,Apples,FL,34108
5768,Apples,14607 Topsail DR ,Apples,FL,34114
5769,Apples,280 Collier BLVD 502,MARCO ISLAND,FL,34145
5770,Apples,18421 Royal Hammock BLVD ,Apples,FL,34114
5771,Apples,165 Collier BLVD B-205,MARCO ISLAND,FL,34145
5772,Apples,1036 Collier BLVD A-803,MARCO ISLAND,FL,34145
5773,Apples,4735 Cerromar DR ,Apples,FL,34112
5774,Apples,16157 Camden Lakes CIR ,Apples,FL,34110
5775,Apples,1095 Forest Lakes DR ,Apples,FL,34105
5776,Apples,2181 Tarpon RD ,Apples,FL,34102
5777,Apples,1200 28th AVE N ,Apples,FL,34103
5778,Apples,227 Silverado DR ,Apples,FL,34119
5779,Apples,1783 Ribbon Fan LN ,Apples,FL,34119
5780,Apples,3206 Serenity CT 102,Apples,FL,34114
5781,Apples,4665 Winged Foot CT 4-204,Apples,FL,34112
5782,Apples,1286 Waggle WAY ,Apples,FL,34108
5783,Apples,580 16th AVE S ,Apples,FL,34102
5784,Apples,8723 Gleneagle WAY ,Apples,FL,34120
5785,Apples,280 Copperfield CT ,MARCO ISLAND,FL,34145
5786,Apples,2917 Poplar ST ,Apples,FL,34112
5787,Apples,11580 Pin Oak DR ,BONITA SPRINGS,FL,34135
5788,Apples,8520 Sevilla CT ,Apples,FL,34114
5789,Apples,337 WATERLEAF CT ,MARCO ISLAND,FL,34145
5790,Apples,583 Avellino Isles CIR 24102,Apples,FL,34119
5791,Apples,222 Harbour DR 106,Apples,FL,34103
5792,Apples,6076 Dogleg DR ,Apples,FL,34113
5793,Apples,940 3rd ST S 203,Apples,FL,34102
5794,Apples,3826 Huelva CT ,Apples,FL,34109
5795,Apples,32 Marco Villas DR Q-2,MARCO ISLAND,FL,34145
5796,Apples,15628 Whitney LN ,Apples,FL,34110
5797,Apples,180 Seaview CT 414,MARCO ISLAND,FL,34145
5798,Apples,5050 Indigo Bay BLVD 201,ESTERO,FL,33928
5799,Apples,16133 Camden Lakes CIR ,Apples,FL,34110
5800,Apples,4884 Hampshire CT 204,Apples,FL,34112
5801,Apples,4226 4th AVE NE ,Apples,FL,34120
5802,Apples,122 Cypress WAY E C2,Apples,FL,34110
5803,Apples,9180 The LN ,Apples,FL,34109
5804,Apples,4001 Gulf Shore BLVD N 600,Apples,FL,34103
5805,Apples,247 Winners CIR 6,Apples,FL,34112
5806,Apples,14072 Ventanas CT ,BONITA SPRINGS,FL,34135
5807,Apples,693 Seaview CT A610,MARCO ISLAND,FL,34145
5808,Apples,3131 Lancaster DR 9-901,Apples,FL,34105
5809,Apples,117 Duncan LN 241,Apples,FL,34114
5810,Apples,1625 Gulf Shore BLVD S ,Apples,FL,34102
5811,Apples,2620 kings lake BLVD S 2-203,Apples,fl,34112
5812,Apples,5055 Beach RD 107,ENGLEWOOD,FL,34223
5813,Apples,6859 Satinleaf RD S 201,Apples,FL,34109
5814,Apples,13915 Old Coast RD 301,Apples,FL,34110
5815,Apples,26545 Hickory BLVD ,BONITA SPRINGS,FL,34134
5816,Apples,3270 Cypress Marsh DR ,FORT MYERS,FL,33905
5817,Apples,1468 Monarch CIR ,Apples,FL,34116
5818,Apples,770 Eagle Creek DR 101,Apples,FL,34113
5819,Apples,741 Collier BLVD 204,MARCO ISLAND,FL,34145
5820,Apples,1857 Woodbine CT ,MARCO ISLAND,FL,34145
5821,Apples,740 Waterford DR 101,Apples,FL,34113
5822,Apples,26170 Woodlyn DR ,BONITA SPRINGS,FL,34134
5823,Apples,1160 Wildwood Lakes BLVD 207,Apples,FL,34104
5824,Apples,2160 Pigeon Plum WAY ,NORTH FORT MYERS,FL,33917
5825,Apples,2156 Pigeon Plum WAY ,NORTH FORT MYERS,FL,33917
5826,Apples,15175 Brolio WAY ,Apples,FL,34110
5827,Apples,1634 Grace AVE ,FORT MYERS,FL,33901
5828,Apples,300 Horse Creek DR 203,Apples,FL,34110
5829,Apples,319 Reynolds CT M-12,Apples,FL,34112
5830,Apples,980 Huron CT 303,MARCO ISLAND,FL,34145
5831,Apples,10325 Wild Turkey AVE ,BONITA SPRINGS,FL,34135
5832,Apples,9715 Gulf Shore DR 304,Apples,FL,34108
5833,Apples,700 Admiralty Parade W ,Apples,FL,34102
5834,Apples,10550 Smokehouse Bay DR 102,Apples,FL,34120
5835,Apples,25 Topaz LN T-25,Apples,FL,34112
5836,Apples,9060 Siesta Bay DR 201,Apples,FL,34120
5837,Apples,3340 Everglades BLVD S ,Apples,FL,34117
5838,Apples,13260 Sherburne CIR 2702,BONITA SPRINGS,FL,34135
5839,Apples,4212 16th AVE SE ,Apples,FL,34117
5840,Apples,3000 ROYAL MARCO WAY Penthouse-U,MARCO ISLAND,FL,34145
5841,Apples,3721 3rd TER ,CAPE CORAL,FL,33991
5842,Apples,8761 Bellano CT 5-202,Apples,FL,34119
5843,Apples,5501 Rattlesnake Hammock RD 209,Apples,FL,34113
5844,Apples,7606 Palmer CT ,Apples,FL,34113
5845,Apples,16378 Viansa WAY 4-102,Apples,FL,34110
5846,Apples,137 Fox Den CIR ,Apples,FL,34104
5847,Apples,3879 Riviera CIR ,BONITA SPRINGS,FL,34134
5848,Apples,23540 Via Veneto BLVD W 1604,BONITA SPRINGS,FL,34134
5849,Apples,245 Imperial Wilder BLVD 245,Apples,FL,34114
5850,Apples,9715 Acqua CT 143,Apples,FL,34113
5851,Apples,4801 Bonita Bay BLVD 1701,BONITA SPRINGS,FL,34134
5852,Apples,3149 Andorra CT ,Apples,FL,34109
5853,Apples,260 Seaview CT 808,MARCO ISLAND,FL,34145
5854,Apples,878 Meadowland DR B,Apples,FL,34108
5855,Apples,2438 RAVENNA BLVD 101,Apples,FL,34109
5856,Apples,300 Collier BLVD 2102,MARCO ISLAND,FL,34145
5857,Apples,805 Reef Point CIR ,Apples,FL,34108
5858,Apples,3954 Bishopwood CT W 202,Apples,FL,34114
5859,Apples,156 Cypress View DR ,Apples,FL,34113
5860,Apples,152 Muirfield CIR ,Apples,FL,34113
5861,Apples,3180 Crayton RD ,Apples,FL,34103
5862,Apples,3858 Riviera CIR ,BONITA SPRINGS,FL,34134
5863,Apples,1310 Sweetwater CV 7104,Apples,FL,34110
5864,Apples,527 Club Side DR 2-527,Apples,FL,34110
5865,Apples,4324 Snowberry LN ,Apples,FL,34119
5866,Apples,1575 Parnell CT ,Apples,FL,34113
5867,Apples,24 Garnet DR 24-G,Apples,FL,34114
5868,Apples,205 Barfield DR ,MARCO ISLAND,FL,34145
5869,Apples,7638 Novara CT ,Apples,FL,34114
5870,Apples,13996 Mirror DR ,Apples,FL,34114
5871,Apples,123 14th AVE S ,Apples,FL,34102
5872,Apples,7741 Pebble Creek CIR 201,Apples,FL,34108
5873,Apples,6251 Mandalay CIR 45,Apples,FL,34112
5874,Apples,260 Southbay DR 107,Apples,FL,34108
5875,Apples,885 NEW WATERFORD DR U-201,Apples,FL,34104
5876,Apples,4761 Tahiti DR ,BONITA SPRINGS,FL,34134
5877,Apples,3510 Tasselflower CT ,BONITA SPRINGS,FL,34134
5878,Apples,7117 Pelican Bay BLVD 304,Apples,FL,34108
5879,Apples,1120 5th ST S ,Apples,FL,34102
5880,Apples,13212 Sherburne CIR 901,BONITA SPRINGS,FL,34135
5881,Apples,23770 NAPOLI WAY ,BONITA SPRINGS,FL,34134
5882,Apples,13024 Bald Cypress LN ,Apples,FL,34119
5883,Apples,1088 Forest Lakes DR 17-D,Apples,FL,34105
5884,Apples,3930 Belair LN 108,Apples,FL,34103
5885,Apples,9151 Woodhurst DR ,Apples,FL,34120
5886,Apples,602 5th AVE S 301,Apples,FL,34102
5887,Apples,4301 Gulf Shore BLVD N 1104,Apples,FL,34103
5888,Apples,4128 Willowhead WAY ,Apples,FL,34103
5889,Apples,635 Via Mezner 9-901,Apples,FL,34108
5890,Apples,10690 Wintercress DR ,ESTERO,FL,34135
5891,Apples,23084 Sanabria LOOP ,BONITA SPRINGS,FL,34135
5892,Apples,799 Ashburton DR ,Apples,FL,34110
5893,Apples,275 8th AVE S 275,Apples,FL,34102
5894,Apples,364 Bobcat RUN 364,Apples,FL,34114
5895,Apples,11898 Heather Woods CT ,Apples,FL,34120
5896,Apples,1885 les Chateaux BLVD 303,Apples,fl,34109
5897,Apples,16580 Timberlakes DR 2,FORT MYERS,FL,33908
5898,Apples,870 Collier BLVD 502,MARCO ISLAND,FL,34145
5899,Apples,10111 Palazzo DR ,Apples,FL,34119+
5900,Apples,13630 Worthington WAY 1804,BONITA SPRINGS,FL,34135
5901,Apples,1262 Jardin DR ,Apples,FL,34104
5902,Apples,4735 Villa Mare LN 26.2,Apples,FL,34103
5903,Apples,1671 GALLEON CT ,MARCO ISLAND,FL,34145
5904,Apples,590 Goldcoast CT ,MARCO ISLAND,FL,34145
5905,Apples,11 Bluebill AVE 301,Apples,FL,34108
5906,Apples,7757 Victoria Cove CT ,FORT MYERS,FL,33908
5907,Apples,4221 5th AVE NW ,Apples,FL,34119
5908,Apples,269 Napa Ridge RD E 28,Apples,FL,34119
5909,Apples,14129 Tivoli TER ,BONITA SPRINGS,FL,34135
5910,Apples,9053 Cascada WAY 201,Apples,FL,34114
5911,Apples,16050 Bay Pointe BLVD 107,NORTH FORT MYERS,FL,33917
5912,Apples,5 Bluebill AVE 712,Apples,FL,34108
5913,Apples,4560 Gulf Shore BLVD N 3-313,Apples,FL,34103
5914,Apples,214 Bobolink WAY 214B,Apples,FL,34105
5915,Apples,20023 Fiddlewood AVE ,NORTH FORT MYERS,FL,33917
5916,Apples,16410 Coco Hammock WAY ,FORT MYERS,FL,33908
5917,Apples,2900 Gulf Shore BLVD N 212,Apples,FL,34103
5918,Apples,5456 Freeport LN ,Apples,FL,34119
5919,Apples,16 Marco Villas DR P-4,MARCO ISLAND,FL,34145
5920,Apples,196 Albi RD 302,Apples,FL,34112
5921,Apples,351 HIDDEN VALLEY DR ,Apples,FL,34113
5922,Apples,7340 Coventry CT 801,Apples,FL,34104
5923,Apples,931 Embassy CT ,MARCO ISLAND,FL,34145
5924,Apples,780 Collier BLVD 208,MARCO ISLAND,FL,34145
5925,Apples,604 7th AVE S A-604 & A608,Apples,FL,34102
5926,Apples,3175 Serena LN 101,Apples,FL,34114
5927,Apples,895 24th AVE NW ,Apples,FL,34120
5928,Apples,6075 Pelican Bay BLVD 1105,Apples,FL,34108
5929,Apples,9240 Triana TER 192,FORT MYERS,FL,33912
5930,Apples,15 Bluebill AVE 1101,Apples,FL,34108
5931,Apples,729 10th AVE S ,Apples,FL,34102
5932,Apples,40 Seagate DR A 1004,Apples,FL,34103
5933,Apples,940 Glen Lake CIR ,Apples,FL,34119
5934,Apples,1380 KINGS WAY ,Apples,FL,34104
5935,Apples,26548 Hickory BLVD ,BONITA SPRINGS,FL,34134
5936,Apples,26891 Hickory BLVD ,BONITA SPRINGS,FL,34134
5937,Apples,309 Neapolitan WAY ,Apples,FL,34103
5938,Apples,4261 12th ST NE ,Apples,FL,34120
5939,Apples,162 Fox Glen DR 6-52,Apples,FL,34104
5940,Apples,2642 Bolero DR 5-1,Apples,FL,34109
5941,Apples,4001 Gulf Shore BLVD N 400,Apples,FL,34103
5942,Apples,9220 Triana TER 4,FORT MYERS,FL,33912
5943,Apples,1059 Barcarmil WAY ,Apples,FL,34110
5944,Apples,7745 Classics DR ,Apples,FL,34113
5945,Apples,645 Via Mezner 8-801,Apples,FL,34108
5946,Apples,8901 Rails End CT ,FORT MYERS,FL,33919
5947,Apples,22180 Sundancer CT 503,ESTERO,FL,33928
5948,Apples,3522 Haldeman Creek DR 4-126,Apples,FL,34112
5949,Apples,241 3rd ST ,BONITA SPRINGS,FL,34134
5950,Apples,11421 Canal Grande DR ,FORT MYERS,FL,33913
5951,Apples,185 Beach DR ,MARCO ISLAND,FL,34145
5952,Apples,6081 Tamworth CT ,Apples,FL,34119
5953,Apples,185 Penny LN 3126,Apples,FL,34112
5954,Apples,549 Serendipity DR 549,Apples,FL,34108
5955,Apples,8755 Coastline CT 101,Apples,FL,34120
5956,Apples,7425 Pelican Bay BLVD 1703,Apples,FL,34108
5957,Apples,4971 Bonita Bay Blvd 2004,BONITA SPRINGS,FL,34134
5958,Apples,9257 MERCATO WAY ,Apples,Fl,34108
5959,Apples,4031 Gulf Shore BLVD N PH-1E,Apples,FL,34103
5960,Apples,10150 Gulf Shore DR ,Apples,FL,34108
5961,Apples,9233 Mercato WAY ,Apples,FL,34108
5962,Apples,6890 Sterling Greens CT 201,Apples,FL,34104
5963,Apples,14274 Arrow Point CT ,ESTERO,FL,33928
5964,Apples,13741 Tonbridge CT ,BONITA SPRINGS,FL,34135
5965,Apples,15098 Palmer Lake CIR 203,Apples,FL,34109
5966,Apples,10240 Gator Bay CT ,Apples,FL,34120
5967,Apples,3153 Aviamar CIR 102,Apples,FL,34114
5968,Apples,7300 Saint Ives WAY 5309,Apples,FL,34104
5969,Apples,4985 Tallowood WAY ,Apples,FL,34116
5970,Apples,16715 Enclave CIR ,Apples,FL,34110
5971,Apples,1462 2nd AVE S ,Apples,FL,34102
5972,Apples,26930 Wedgewood DR 201,BONITA SPRINGS,FL,34134
5973,Apples,411 La Peninsula BLVD 411,Apples,FL,34113
5974,Apples,6820 Pelican Bay BLVD 123,Apples,FL,34108
5975,Apples,4234 crayton RD ,Apples,FL,34103
5976,Apples,750 Binnacle DR ,Apples,FL,34103
5977,Apples,985 8th AVE S 202,Apples,FL,34102
5978,Apples,969 8th AVE S 301,Apples,FL,34102
5979,Apples,2649 Longboat DR ,Apples,FL,34104
5980,Apples,1534 Oyster Catcher PT B,Apples,FL,34105
5981,Apples,7925 Preserve CIR 312,Apples,FL,34119
5982,Apples,200 Vista LN ,Apples,FL,34119
5983,Apples,295 Grande WAY 302,Apples,FL,34110
5984,Apples,425 COVE TOWER DR 903,Apples,FL,34110-6506
5985,Apples,2141 23rd ST SW ,Apples,FL,34117
5986,Apples,1160 Edington PL ,MARCO ISLAND,FL,34145
5987,Apples,16336 Corsica WAY 10-201,Apples,Fl,34110
5988,Apples,624 Dorando CT ,MARCO ISLAND,FL,34145
5989,Apples,3199 Cotuit LN ,Apples,FL,34114
5990,Apples,1290 Riverhead AVE ,MARCO ISLAND,FL,34145
5991,Apples,1111 Central AVE 316,Apples,FL,34102
5992,Apples,1111 Central AVE 205,Apples,FL,34102
5993,Apples,4825 Snarkage DR ,BONITA SPRINGS,FL,34134
5994,Apples,26131 Hickory BLVD 10A,BONITA SPRINGS,FL,34134
5995,Apples,4051 Gulf Shore BLVD N 701,Apples,FL,34103
5996,Apples,14709 Reserve LN ,Apples,FL,34109
5997,Apples,14656 Glen Eden DR ,Apples,FL,34110
5998,Apples,16449 Carrara WAY 15-202,Apples,FL,34110
5999,Apples,4151 Gulf Shore BLVD N 602,Apples,FL,34103
6000,Apples,103 Bayview AVE ,Apples,FL,34108
6001,Apples,330 Kon Tiki DR D-2,Apples,FL,34113
6002,Apples,3211 15th AVE SW ,Apples,FL,34117
6003,Apples,1594 Curlew AVE ,Apples,FL,34102
6004,Apples,506 Foxtail CT 506,Apples,FL,34104
6005,Apples,5133 Inagua WAY ,Apples,FL,34119
6006,Apples,4938 Esplanade ST ,BONITA SPRINGS,FL,34134
6007,Apples,4728 Stratford CT 1804,Apples,FL,34105
6008,Apples,7515 Stoneybrook DR 825,Apples,FL,34112
6009,Apples,1493 Lucena LN S ,Apples,FL,34113
6010,Apples,6361 Pelican Bay BLVD Penthouse 5,Apples,FL,34108
6011,Apples,300 Valley Stream DR A-12,Apples,FL,34113
6012,Apples,440 Seaview CT 1002,MARCO ISLAND,FL,34145
6013,Apples,5035 Blauvelt WAY 102,Apples,FL,34105
6014,Apples,453 Spinnaker DR ,Apples,FL,34102
6015,Apples,13935 Old Coast RD 1201,Apples,fl,34110
6016,Apples,6210 Wilshire Pines CIR 1-107,Apples,FL,34109
6017,Apples,4751 West Bay BLVD 405,ESTERO,FL,33928
6018,Apples,11036 Harbour Yacht CT 202,FORT MYERS,FL,33908
6019,Apples,4855 16th ST NE ,Apples,FL,34120
6020,Apples,2525 23rd AVE ,CAPE CORAL,FL,33904
6021,Apples,12664 Dundee LN ,Apples,FL,34120
6022,Apples,9731 Acqua CT 515,Apples,FL,34113
6023,Apples,750 Waterford DR 304,Apples,FL,34113
6024,Apples,4952 Shaker Heights CT 201,Apples,FL,34112
6025,Apples,16177 Parque LN ,Apples,FL,34110
6026,Apples,407 Cape Florida WAY ,Apples,FL,34104
6027,Apples,8518 Mustang DR ,Apples,FL,34113
6028,Apples,7131 Blue Juniper CT 202,Apples,FL,34109
6029,Apples,240 Palm DR 1,Apples,FL,34112
6030,Apples,801 Collier BLVD N-205,MARCO ISLAND,FL,34145
6031,Apples,6210 Mandalay CIR 63,Apples,FL,34112
6032,Apples,333 Sunrise Cay 7,Apples,FL,34114
6033,Apples,9500 Highland Woods BLVD 108,BONITA SPRINGS,FL,34135
6034,Apples,8670 Cedar Hammock CIR 223,Apples,FL,34112
6035,Apples,53 High Point CIR W 312,Apples,FL,34103
6036,Apples,28362 Tasca DR ,BONITA SPRINGS,FL,34135
6037,Apples,6849 Grenadier BLVD #602,Apples,FL,34108
6038,Apples,503 Laguna Royale BLVD 202,Apples,FL,34119
6039,Apples,3675 Gordon DR ,Apples,FL,34102
6040,Apples,8235 Ibis Club DR 307,Apples,FL,34104
6041,Apples,15212 Medici WAY ,Apples,FL,34110
6042,Apples,6825 Grenadier BLVD 504,Apples,FL,34108
6043,Apples,9308 La Bianco ST ,ESTERO,FL,33967
6044,Apples,8452 Laurel Lakes BLVD ,Apples,FL,34119
6045,Apples,4445 Pine Ridge RD ,Apples,FL,34119
6046,Apples,12832 Kinross LN ,Apples,FL,34120
6047,Apples,1670 Crayton RD ,Apples,FL,34102
6048,Apples,1153 23rd ST SW ,Apples,FL,34117
6049,Apples,5070 Rustic Oaks CIR ,Apples,FL,34105
6050,Apples,9719 Acqua CT 246,Apples,FL,34113
6051,Apples,6148 Rodney Bay LN ,Apples,FL,34113
6052,Apples,209 Belle Isle CT ,Apples,FL,34112
6053,Apples,6488 Caldecott DR ,Apples,FL,34113
6054,Apples,850 Palm ST C5,MARCO ISLAND,FL,34145
6055,Apples,6073 Ashford LN 8-804,Apples,FL,34110
6056,Apples,13935 Old Coast RD 902,Apples,fl,34110
6057,Apples,2943 Aviamar CIR ,Apples,FL,34114
6058,Apples,7515 Pelican Bay BLVD 2D,Apples,FL,34108
6059,Apples,14560 Red Fox RUN 515,Apples,FL,34110
6060,Apples,10540 Marino Pointe DR 304,MIROMAR LAKES,FL,33913
6061,Apples,6355 Lexington CT 201,Apples,FL,34110
6062,Apples,3800 Cotton Green Path DR ,Apples,FL,34114
6063,Apples,7505 Stoneybrook DR 743,Apples,FL,34112
6064,Apples,513 Broad AVE S 513,Apples,FL,34102
6065,Apples,12380 Wisteria DR ,Apples,FL,34120
6066,Apples,380 Seaview CT 1201,MARCO ISLAND,FL,34145
6067,Apples,26191 Grand Prix DR ,BONITA SPRINGS,FL,34135
6068,Apples,1360 13th ST SW ,Apples,FL,34117
6069,Apples,1001 Arbor Lake DR 704,Apples,FL,34110
6070,Apples,2811 Citrus Lake DR J-201,Apples,FL,34109
6071,Apples,4183 Bay Beach LN 365,FORT MYERS BEACH,FL,33931
6072,Apples,7110 Live Oak DR ,Apples,FL,34114
6073,Apples,1850 Harbor PL ,Apples,FL,34104
6074,Apples,312 Chancery CIR ,Apples,FL,34110
6075,Apples,1011 Dill CT ,MARCO ISLAND,FL,34145
6076,Apples,3745 Weymouth CIR ,Apples,FL,34112
6077,Apples,4500 Gulf Shore BLVD N 1-131,Apples,FL,34103
6078,Apples,1184 Shenandoah CT ,MARCO ISLAND,FL,34145
6079,Apples,8600 Cedar Hammock CIR 1328,Apples,FL,34112
6080,Apples,1029 Eastham CT 41,Apples,FL,34104
6081,Apples,3307 Delana WAY ,FORT MYERS,FL,33905
6082,Apples,12712 Kingsmill WAY ,FORT MYERS,FL,33913
6083,Apples,1870 Woodbine CT ,MARCO ISLAND,FL,34145
6084,Apples,2579 Twinflower LN ,Apples,FL,34105
6085,Apples,11391 Canal Grande DR ,FORT MYERS,FL,33913
6086,Apples,11401 Canal Grande DR ,FORT MYERS,FL,33913
6087,Apples,11411 Canal Grande DR ,FORT MYERS,FL,33913
6088,Apples,425 Dockside DR 501,Apples,FL,34110
6089,Apples,951 Sapling DR ,Apples,FL,34120
6090,Apples,6820 Hunters RD ,Apples,FL,34109
6091,Apples,3647 Sapphire Cove Circle CIR ,Apples,FL,34114
6092,Apples,11381 Canal Grande DR ,FORT MYERS,FL,33913
6093,Apples,9400 Highland Woods BLVD 5302,BONITA SPRINGS,FL,34135
6094,Apples,140 Seaview CT 204N,MARCO ISLAND,FL,34145
6095,Apples,433 Adirondack CT ,MARCO ISLAND,FL,34145
6096,Apples,4180 60th AVE NE ,Apples,FL,34120
6097,Apples,6040 Joplin AVE ,FORT MYERS,FL,33905
6098,Apples,857 93rd AVE N ,Apples,FL,34108
6099,Apples,218 Newport DR 703,Apples,FL,34114
6100,Apples,1051 Egrets Walk CIR 102,Apples,FL,34108
6101,Apples,495 Riviera BLVD W ,Apples,FL,34112
6102,Apples,1530 5th AVE S C-209,Apples,FL,34102
6103,Apples,2580 Estero BLVD 103,FORT MYERS BEACH,FL,33931
6104,Apples,1041 Forest Lakes DR W 7-D,Apples,FL,34105
6105,Apples,52 Cypress View DR ,Apples,FL,34113
6106,Apples,5633 Whisperwood BLVD 704,Apples,FL,34110
6107,Apples,6510 VALEN WAY B-302,Apples,FL,34108
6108,Apples,9558 Via Lago WAY ,FORT MYERS,FL,33912
6109,Apples,1360 Sweetwater CV 102,Apples,FL,34110
6110,Apples,420 Fox Haven DR 3205,Apples,FL,34104
6111,Apples,216 Bobolink WAY 216B,Apples,FL,34105
6112,Apples,7868 Founders CIR ,Apples,FL,34104
6113,Apples,20751 Andiron PL ,ESTERO,FL,33928
6114,Apples,12120 Toscana WAY 101,BONITA SPRINGS,FL,34135
6115,Apples,6268 Victory DR ,AVE MARIA,FL,34142
6116,Apples,8701 Estero BLVD 806,FORT MYERS BEACH,FL,33931
6117,Apples,9766 Bentgrass BEND ,Apples,FL,34108
6118,Apples,509 Courtside Dr. 509,Apples,FL,34105
6119,Apples,7474 Martinique TER ,Apples,FL,34113
6120,Apples,8870 Lely Island BLVD ,Apples,FL,34113
6121,Apples,197 Barfield DR ,MARCO ISLAND,FL,34145
6122,Apples,2139 Snook DR ,Apples,FL,34102
6123,Apples,3917 Forest Glen BLVD 102,Apples,FL,34114
6124,Apples,26340 Hickory BLVD 602,BONITA SPRINGS,FL,34134
6125,Apples,18030 Royal Tree PKY ,Apples,FL,34114
6126,Apples,540 4th AVE N ,Apples,FL,34102
6127,Apples,4931 Bonita Bay BLVD 2003,BONITA SPRINGS,FL,34134
6128,Apples,9231 Triana TER 151,FORT MYERS,FL,33912
6129,Apples,4400 Gulf Shore BLVD N PH-305,Apples,FL,34103
6130,Apples,445 Dockside DR 403,Apples,FL,34110
6131,Apples,8787 Bay Colony DR 901,Apples,FL,34108
6132,Apples,13935 Old Coast RD 1006,Apples,fl,34110
6133,Apples,176 COLLIER BLVD PH-3,MARCO ISLAND,FL,34145
6134,Apples,774 97th AVE N ,Apples,FL,34108
6135,Apples,10736 Crossback LN ,LEHIGH ACRES,FL,33936
6136,Apples,651 Broad CT N ,Apples,FL,34102
6137,Apples,225 Bahia PT ,Apples,FL,34103
6138,Apples,1070 Collier BLVD 401,MARCO ISLAND,FL,34145
6139,Apples,480 Pheasant CT ,MARCO ISLAND,FL,34145
6140,Apples,10275 Heritage Bay BLVD 711,Apples,FL,34120
6141,Apples,5957 Poetry CT ,NORTH FORT MYERS,FL,33903
6142,Apples,1733 Courtyard WAY B-203,Apples,FL,34112
6143,Apples,269 Vintage Bay DR C-9,MARCO ISLAND,FL,34145
6144,Apples,8300 Estero BLVD 104,FORT MYERS BEACH,FL,33931
6145,Apples,238 Pebble Beach BLVD 601,Apples,FL,34113
6146,Apples,2015 Holiday LN ,Apples,FL,34104
6147,Apples,30 Pelican ST W ,Apples,FL,34113
6148,Apples,401 Cuddy CT ,Apples,FL,34103
6149,Apples,8445 Abbington CIR 722,Apples,FL,34108
6150,Apples,7810 Gardner DR 101,Apples,FL,34109
6151,Apples,3270 Collingtree CT ,Apples,FL,34105
6152,Apples,12791 Silverthorn CT ,BONITA SPRINGS,FL,34135
6153,Apples,1515 Gulfstar DR S ,Apples,FL,34112
6154,Apples,16309 Winfield LN ,Apples,FL,34110
6155,Apples,2025 Crestview WAY 111,Apples,FL,34119
6156,Apples,3920 Crayton RD ,Apples,FL,34103
6157,Apples,190 15th AVE S ,Apples,FL,34102
6158,Apples,161 Wading Bird CIR L-205,Apples,FL,34110
6159,Apples,3030 Binnacle DR 302,Apples,FL,34103
6160,Apples,1085 Bald Eagle DR A603,MARCO ISLAND,FL,34145
6161,Apples,26961 Clarkston DR 9207,BONITA SPRINGS,FL,34135
6162,Apples,3300 Binnacle DR 202,Apples,FL,34103
6163,Apples,1070 Collier BLVD 206,MARCO ISLAND,FL,34145
6164,Apples,23231 Whispering Ridge DR ,ESTERO,FL,34135
6165,Apples,2824 Wild Orchid CT ,Apples,FL,34119
6166,Apples,12824 Coco Plum LN ,Apples,FL,34119
6167,Apples,830 3rd ST NW ,Apples,FL,34120
6168,Apples,850 New Waterford DR P-201,Apples,FL,34104
6169,Apples,1241 Ludlam CT ,MARCO ISLAND,FL,34145
6170,Apples,13915 Old Coast RD 1605,Apples,FL,34110
6171,Apples,275 Perignon PL 15-2,Apples,FL,34119
6172,Apples,2545 Lantern LN ,Apples,FL,34102
6173,Apples,7659 Laurel Valley RD ,FORT MYERS,FL,33967
6174,Apples,3915 Estero Bay LN D-17,Apples,FL,34112
6175,Apples,261 7th AVE N ,Apples,FL,34102
6176,Apples,17422 Birchwood LN 7,FORT MYERS,FL,33908
6177,Apples,7834 Classics DR ,Apples,FL,34113
6178,Apples,980 Hyacinth CT ,MARCO ISLAND,FL,34145
6179,Apples,11900 Hedgestone CT ,Apples,FL,34120
6180,Apples,1212 Commonwealth CIR K-205,Apples,FL,34116
6181,Apples,130 Clyburn ST H-5,MARCO ISLAND,FL,34145
6182,Apples,1420 Osprey AVE ,Apples,FL,34102
6183,Apples,16874 Caminetto CT ,Apples,FL,34110
6184,Apples,15501 Monterosso LN 202,Apples,FL,34110
6185,Apples,760 Collier BLVD 3-201,MARCO ISLAND,FL,34145
6186,Apples,380 Seaview CT 1411,MARCO ISLAND,FL,34145
6187,Apples,639 Century CT ,MARCO ISLAND,FL,34145
6188,Apples,6055 Shallows WAY ,Apples,FL,34109
6189,Apples,1279 Rainbow CT ,Apples,FL,34110
6190,Apples,2300 Hidden Lake DR 7,Apples,FL,34112
6191,Apples,580 EL CAMINO REAL 3406,Apples,FL,34119
6192,Apples,10498 Yorkstone DR ,BONITA SPRINGS,FL,34135
6193,Apples,15 Bluebill AVE 406,Apples,FL,34108
6194,Apples,2050 W Crown Pointe BLVD C-211,Apples,FL,34112
6195,Apples,1967 Mustique ST ,Apples,FL,34120
6196,Apples,2730 Medallist LN ,Apples,FL,34109
6197,Apples,2951 Cinnamon Bay CIR ,Apples,FL,34119
6198,Apples,13105 Vanderbilt DR 607,Apples,FL,34110
6199,Apples,7395 Monteverde WAY ,Apples,FL,34119
6200,Apples,14487 Manchester DR ,Apples,FL,34114
6201,Apples,99 Saint Lucia LN ,BONITA SPRINGS,FL,34134
6202,Apples,6510 Valen WAY B-102,Apples,FL,34108
6203,Apples,7754 Mulberry LN ,Apples,FL,34114
6204,Apples,1371 17th ST SW ,Apples,FL,34117
6205,Apples,3803 Woodlake DR ,BONITA SPRINGS,FL,34134
6206,Apples,1649 Spoonbill LN B,Apples,FL,34105
6207,Apples,3796 Saybrook PL ,BONITA SPRINGS,FL,34134
6208,Apples,12651 Kinross LN ,Apples,FL,34120
6209,Apples,11688 Quail Village WAY ,Apples,FL,34119
6210,Apples,9589 Crescent Garden DR C-201,Apples,FL,34109
6211,Apples,74 Southport CV ,BONITA SPRINGS,FL,34134
6212,Apples,3475 Lake Shore DR 113,BONITA SPRINGS,FL,34134
6213,Apples,131 Stillwater CT ,MARCO ISLAND,FL,34145
6214,Apples,1475 Pelican AVE ,Apples,FL,34102
6215,Apples,3725 Springwood DR 3725,Apples,FL,34104
6216,Apples,505 5th AVE S 202,Apples,FL,34102
6217,Apples,7575 Pelican Bay BLVD 403,Apples,FL,34108
6218,Apples,495 Veranda WAY A205,Apples,FL,34104
6219,Apples,1640 Heights CT ,MARCO ISLAND,FL,34145
6220,Apples,7940 Preserve CIR 911,Apples,FL,34119
6221,Apples,450 14th AVE S ,Apples,FL,34102
6222,Apples,5100 Cedar Springs DR 204,Apples,FL,34110
6223,Apples,25961 Pebblecreek DR ,BONITA SPRINGS,FL,34135
6224,Apples,1230 Gulf Shore BLVD S ,Apples,FL,34102
6225,Apples,5125 Cobble Creek CT E-104,Apples,FL,34110
6226,Apples,1880 Crayton RD ,Apples,FL,34102
6227,Apples,3301 Club Center BLVD 201,Apples,FL,34114
6228,Apples,26481 Clarkston DR ,BONITA SPRINGS,FL,34135
6229,Apples,780 Collier BLVD 313,MARCO ISLAND,FL,34145
6230,Apples,1912 Countess CT ,Apples,FL,34110
6231,Apples,2859 Tiburon BLVD E 102,Apples,FL,34109
6232,Apples,376 Heron AVE ,Apples,FL,34108
6233,Apples,3532 Estero BLVD ,FORT MYERS BEACH,FL,33931
6234,Apples,26275 Hickory BLVD 31,BONITA SPRINGS,FL,34134
6235,Apples,4211 22nd AVE SW 92,Apples,FL,34116
6236,Apples,6510 Monterey PT 103,Apples,FL,34105
6237,Apples,790 Elkcam CIR 103,MARCO ISLAND,FL,34145
6238,Apples,6035 Plana Cays DR ,Apples,FL,34113
6239,Apples,430 Van Loon LN ,CAPE CORAL,FL,33909
6240,Apples,1022 Manatee RD D101,Apples,FL,34114
6241,Apples,505 5th AVE S 303,Apples,FL,34102
6242,Apples,13915 Old Coast RD 1001,Apples,FL,34110
6243,Apples,7848 Emerald CIR J-202,Apples,FL,34109
6244,Apples,1637 Marton CT ,Apples,FL,34113
6245,Apples,6933 Wellington DR ,Apples,FL,34109
6246,Apples,365 Banyan BLVD ,Apples,FL,34102
6247,Apples,1351 Noble Heron WAY ,Apples,FL,34105
6248,Apples,25057 Peacock LN 202,Apples,FL,34114
6249,Apples,437 Fox Den CIR ,Apples,FL,34104
6250,Apples,737 Eagle Creek DR ,Apples,FL,34113
6251,Apples,272 2nd AVE ,MARCO ISLAND,FL,34145
6252,Apples,2768 Tiburon BLVD E 4-102,Apples,FL,34109
6253,Apples,7171 Live Oak DR ,Apples,FL,34114
6254,Apples,28680 Altessa WAY 101,BONITA SPRINGS,FL,34135
6255,Apples,628 21st AVE S ,Apples,FL,34102
6256,Apples,860 Admiralty Parade E ,Apples,FL,34102
6257,Apples,1023 Anglers CV E-505,MARCO ISLAND,FL,34145
6258,Apples,5430 Worthington LN 103,Apples,FL,34110
6259,Apples,1234 Silver Lakes BLVD ,Apples,FL,34114
6260,Apples,391 Conners AVE ,Apples,FL,34108
6261,Apples,27982 Temple Terrace DR ,BONITA SPRINGS,FL,34135
6262,Apples,980 Cape Marco DR 1507,MARCO ISLAND,FL,34145
6263,Apples,2806 Thistle WAY ,Apples,FL,34105
6264,Apples,637 12th AVE S 637,Apples,FL,34102
6265,Apples,163 Indies Drive East 202,Apples,FL,34114
6266,Apples,8260 Venetian Pointe Drive ,FORT MYERS,FL,33908
6267,Apples,27201 Rio Vista CIR ,BONITA SPRINGS,FL,34135
6268,Apples,9384 Copper Rock CT ,Apples,FL,34120
6269,Apples,1466 Borghese LN 201,Apples,FL,34114
6270,Apples,634 12th AVE S 634,Apples,FL,34102
6271,Apples,6069 Ashford LN 703,Apples,FL,34110
6272,Apples,3545 PERIWINKLE WAY 1-54,Apples,FL,34114
6273,Apples,26968 Montego Pointe CT 201,BONITA SPRINGS,FL,34134
6274,Apples,12711 Kinross LN ,Apples,FL,34120
6275,Apples,9049 Bronco CT ,Apples,FL,34113
6276,Apples,23831 Sanctuary Lakes CT ,BONITA SPRINGS,FL,34134
6277,Apples,888 10th ST S ,Apples,FL,34102
6278,Apples,9234 Independence WAY ,FORT MYERS,FL,33913
6279,Apples,8016 Tiger Lily DR ,Apples,FL,34113
6280,Apples,3951 GULF SHORE BLVD N 1003,Apples,FL,34103
6281,Apples,1940 21st ST SW ,Apples,FL,34117
6282,Apples,1022 Manatee RD D107,Apples,FL,34114
6283,Apples,9886 El Greco CIR ,BONITA SPRINGS,FL,34135
6284,Apples,1085 Bald Eagle DR E201,MARCO ISLAND,FL,34145
6285,Apples,16293 Aberdeen WAY ,Apples,FL,34110
6286,Apples,1385 Mariposa CIR 9-103,Apples,FL,34105
6287,Apples,2955 White BLVD ,Apples,FL,34117
6288,Apples,700 Old Trail DR ,Apples,FL,34103
6289,Apples,6770 Daniels RD ,Apples,FL,34109
6290,Apples,701 Augusta BLVD 701-5,Apples,FL,34113
6291,Apples,15475 Cedarwood LN 8-102,Apples,FL,34110
6292,Apples,3455 Laurel Greens LN S 102,Apples,FL,34119
6293,Apples,1100 Pine Ridge RD B306,Apples,FL,34103
6294,Apples,1100 Pine Ridge RD B406,Apples,FL,34108
6295,Apples,8665 Bay Colony DR 302,Apples,FL,34108
6296,Apples,135 Cypress WAY E 3,Apples,FL,34110
6297,Apples,3516 Grand Cypress CT ,Apples,FL,34119
6298,Apples,1069 Bald Eagle DR S-401,MARCO ISLAND,FL,34145
6299,Apples,1338 Silver Lakes BLVD N ,Apples,FL,34114
6300,Apples,1610 Star Point LN 204,Apples,FL,34112
6301,Apples,494 Bayside AVE ,Apples,FL,34108
6302,Apples,435 Dockside DR B-803,Apples,FL,34110
6303,Apples,81 SEAGATE DR 803,Apples,FL,34103
6304,Apples,7515 Pelican Bay BLVD 4B,Apples,FL,34108
6305,Apples,176 Collier BLVD 1108,MARCO ISLAND,FL,34145
6306,Apples,4554 Beechwood Lake DR W ,Apples,FL,34112
6307,Apples,11599 Chapman AVE ,BONITA SPRINGS,FL,34135
6308,Apples,7341 Bristol CIR ,Apples,FL,34120
6309,Apples,16520 Talis Park DR ,Apples,FL,34110
6310,Apples,1222 Silver Lakes BLVD ,Apples,FL,34114
6311,Apples,725 Riviera DR ,Apples,FL,34103
6312,Apples,2164 Tarpon RD ,Apples,FL,34102
6313,Apples,2262 Silver Palm PL ,Apples,FL,34105
6314,Apples,2525 Everglades BLVD S ,Apples,FL,34117
6315,Apples,2085 Pigeon Plum WAY ,NORTH FORT MYERS,FL,33917
6316,Apples,2081 Pigeon Plum WAY ,NORTH FORT MYERS,FL,33917
6317,Apples,8738 Mustang Island CIR ,Apples,FL,34113
6318,Apples,3709 Haldeman Creek DR 503,Apples,FL,34112
6319,Apples,2075 Imperial CIR ,Apples,FL,34110
6320,Apples,12859 Carrington CIR 3-102,Apples,FL,34105
6321,Apples,4371 Pine Ridge RD ,Apples,FL,34119
6322,Apples,4015 Jasmine Lake CIR ,Apples,FL,34119
6323,Apples,130 Collier BLVD G4,MARCO ISLAND,FL,34145
6324,Apples,26340 Hickory BLVD 705,BONITA SPRINGS,FL,34134
6325,Apples,3189 Aviamar CIR 201,Apples,FL,34114
6326,Apples,94 Dolphin CIR ,Apples,FL,34113
6327,Apples,2180 Arielle DR 803,Apples,FL,34109
6328,Apples,6640 Marbella LN ,Apples,FL,34105
6329,Apples,481 17th AVE S ,Apples,FL,34102
6330,Apples,10141 Biscayne Bay LN ,Apples,FL,34120
6331,Apples,23520 Walden Center DR 307,ESTERO,FL,34134
6332,Apples,140 Seaview CT 302S,MARCO ISLAND,FL,34145
6333,Apples,4951 Bonita Bay BLVD 1101,BONITA SPRINGS,FL,34134
6334,Apples,7686 Mulberry LN ,Apples,FL,34114
6335,Apples,14776 Windward LN ,Apples,FL,34114
6336,Apples,239 Capistrano CT ,MARCO ISLAND,FL,34145
6337,Apples,5090 Coldstream LN ,Apples,FL,34104
6338,Apples,1332 Amethyst Lake LN ,Apples,FL,34114
6339,Apples,8201 Main ST ,BOKEELIA,FL,33922
6340,Apples,28858 Blaisdell DR ,Apples,FL,34119
6341,Apples,5710 Grande Reserve WAY 2101,Apples,FL,34110
6342,Apples,7051 Hunters RD ,Apples,FL,34109
6343,Apples,1640 Avion PL ,Apples,FL,34104
6344,Apples,435 Dockside DR 603,Apples,FL,34110
6345,Apples,1324 15th PL ,CAPE CORAL,FL,33990
6346,Apples,28503 Lobos CIR ,BONITA SPRINGS,FL,34135
6347,Apples,38 Dolphin CIR ,Apples,FL,34113
6348,Apples,8473 Bay Colony DR 801,Apples,FL,34108
6349,Apples,8735 Naples Heritage DR D-29,Apples,FL,34112
6350,Apples,751 11th AVE S ,Apples,FL,34102
6351,Apples,1020 Collier BLVD 507,MARCO ISLAND,FL,34145
6352,Apples,1938 Par DR ,Apples,FL,34120
6353,Apples,4635 Saint Croix LN 1228,Apples,FL,34109
6354,Apples,8545 Majorca LN ,Apples,FL,34114
6355,Apples,9554 Ironstone TER 102,Apples,FL,34120
6356,Apples,615 Fountainhead LN ,Apples,FL,34103
6357,Apples,540 95th AVE N ,Apples,FL,34108
6358,Apples,5994 Barthelemy AVE ,Apples,FL,34113
6359,Apples,6585 Nicholas BLVD 1904,Apples,FL,34108
6360,Apples,2995 Mona Lisa BLVD ,Apples,FL,34119
6361,Apples,"22969 Lone Oak DR Bldg 12,202",ESTERO,FL,33928
6362,Apples,380 Seaview CT 310,MARCO ISLAND,FL,34145
6363,Apples,8530 Danbury BLVD 102,Apples,FL,34120
6364,Apples,5467 Fox Hollow DR 111,Apples,FL,34104
6365,Apples,832 TANBARK DR 206,Apples,FL,34108
6366,Apples,14725 Windward LN ,Apples,FL,34114
6367,Apples,4050 7th AVE SW ,Apples,FL,34119
6368,Apples,3924 Recreation LN ,Apples,FL,34116
6369,Apples,157 Snowberry CT ,MARCO ISLAND,FL,34145
6370,Apples,101 Curacao LN ,BONITA SPRINGS,FL,34134
6371,Apples,24721 Goldcrest DR ,BONITA SPRINGS,FL,34134
6372,Apples,5204 Assisi AVE ,AVE MARIA,FL,34142
6373,Apples,2224 Royal LN ,Apples,FL,34112
6374,Apples,10031 Florence CIR ,Apples,FL,34119
6375,Apples,24729 Goldcrest DR ,BONITA SPRINGS,FL,34134
6376,Apples,41 Lake Diane DR ,Apples,FL,34114
6377,Apples,101 8th ST S 302,Apples,FL,34102
6378,Apples,230 Copperfield CT ,MARCO ISLAND,FL,34145
6379,Apples,14681 Reserve LN ,Apples,FL,34109
6380,Apples,5249 Juliet CT ,AVE MARIA,FL,34142
6381,Apples,4028 Crayton RD C-3,Apples,FL,34103
6382,Apples,152 Heron AVE ,Apples,FL,34108
6383,Apples,58 Collier BLVD 1802,MARCO ISLAND,FL,34145
6384,Apples,9821 Rocky Bank DR ,Apples,FL,34109
6385,Apples,14120 Winchester CT 1402,Apples,FL,34114
6386,Apples,4357 27th CT SW 3-202,Apples,FL,34116
6387,Apples,713 Indian Creek CT ,Apples,FL,34120
6388,Apples,171 Plantation CIR ,Apples,FL,34104
6389,Apples,7413 Emilia LN ,Apples,FL,34114
6390,Apples,4381 3rd AVE NW ,Apples,FL,34119
6391,Apples,207 Dolphin Cove CT ,BONITA SPRINGS,FL,34134
6392,Apples,5550 Heron Point DR 1804,Apples,FL,34108
6393,Apples,7300 Coventry CT 627,Apples,FL,34104
6394,Apples,1940 Willow Bend CIR 3-203,Apples,FL,34109
6395,Apples,5601 TURTLE BAY DR 303,Apples,FL,34108
6396,Apples,173 Stillwater CT ,MARCO ISLAND,FL,34145
6397,Apples,1198 Bond CT ,MARCO ISLAND,FL,34145
6398,Apples,22604 Island Pines WAY 2301,FORT MYERS BEACH,FL,33931
6399,Apples,9531 Monteverdi WAY ,FORT MYERS,FL,33912
6400,Apples,26428 Hickory BLVD ,BONITA SPRINGS,FL,34134
6401,Apples,6101 Pelican Bay BLVD 1705,Apples,FL,34108
6402,Apples,546 Hernando DR ,MARCO ISLAND,FL,34145
6403,Apples,14851 Dockside LN ,Apples,FL,34114
6404,Apples,3556 Periwinkle WAY 1-7,Apples,FL,34114
6405,Apples,4561 Lakewood BLVD ,Apples,FL,34112
6406,Apples,360 CAPRI BLVD 201,Apples,FL,34113
6407,Apples,2110 Hickeys Creekside DR ,ALVA,FL,33920
6408,Apples,75 Saint Andrews BLVD C-301,Apples,FL,34113
6409,Apples,7835 Regal Heron CIR 304,Apples,FL,34104
6410,Apples,598 Laguna Royale BLVD 902,Apples,FL,34119
6411,Apples,79 Le Mans DR ,Apples,FL,34112
6412,Apples,3443 Gulf Shore BLVD N 515,Apples,FL,34103
6413,Apples,1272 Laurel CT ,MARCO ISLAND,FL,34145
6414,Apples,935 New Waterford DR W F-202,Apples,FL,34104
6415,Apples,1401 Fountain AVE ,FORT MYERS,FL,33919
6416,Apples,1409 Fountain AVE ,FORT MYERS,FL,33919
6417,Apples,698 103rd AVE N ,Apples,FL,34108
6418,Apples,6505 Monterey PT 104,Apples,FL,34105
6419,Apples,2525 Aspen Creek LN 201,Apples,FL,34119
6420,Apples,6632 Trail BLVD ,Apples,Fl,34108
6421,Apples,8007 Preakness CT NW ,Apples,FL,34113
6422,Apples,6628 Ilex CIR ,Apples,FL,34109
6423,Apples,1881 Senegal Date DR ,Apples,FL,34119
6424,Apples,9719 Acqua CT 234,Apples,FL,34113
6425,Apples,7527 Moorgate Point WAY ,Apples,FL,34113
6426,Apples,700 Lalique CIR 1005,Apples,FL,34119
6427,Apples,91 14th ST S ,Apples,FL,34102
6428,Apples,15236 Summit Place CIR 185,Apples,FL,34119
6429,Apples,1443 2nd AVE S ,Apples,FL,34102
6430,Apples,1355 Gordon DR ,Apples,FL,34102
6431,Apples,2736 Buckthorn WAY ,Apples,FL,34105
6432,Apples,3793 Cotton Green Path DR ,Apples,FL,34114
6433,Apples,3901 Kens WAY 3507,BONITA SPRINGS,FL,34134
6434,Apples,7553 Garibaldi CT ,Apples,FL,34114
6435,Apples,1328 Reflections LN 51-3,IMMOKALEE,FL,34142
6436,Apples,598 Morningmist LN ,LEHIGH ACRES,FL,33974
6437,Apples,2301 Gulf Shore BLVD N 114,Apples,FL,34103
6438,Apples,5332 Barefoot Bay CT ,BONITA SPRINGS,FL,34134
6439,Apples,2600 Gulf Shore BLVD N 22,Apples,FL,34103
6440,Apples,25095 Pinewater Cove LN ,BONITA SPRINGS,FL,34134
6441,Apples,602 Morning Mist LN ,LEHIGH ACRES,FL,33974
6442,Apples,606 Morning Mist LN ,LEHIGH ACRES,FL,33974
6443,Apples,9114 Chula Vista LN 119-1,Apples,FL,34113
6444,Apples,663 7th ST N ,Apples,FL,34102
6445,Apples,1345 Sweetwater CV 201,Apples,FL,34110
6446,Apples,15591 Marcello CIR 143,Apples,FL,34110
6447,Apples,5617 Whisperwood BLVD 1004,Apples,FL,34110
6448,Apples,2947 Tiburon BLVD E ,Apples,FL,34109
6449,Apples,1250 9th AVE N ,Apples,FL,34102
6450,Apples,380 Tern DR 572,Apples,FL,34112
6451,Apples,4150 Crayton RD B8,Apples,FL,34103
6452,Apples,12594 Fenhurst WAY ,Apples,FL,34120
6453,Apples,1150 Wildwood Lakes BLVD 8-208,Apples,FL,34104
6454,Apples,610 Morning Mist LN ,LEHIGH ACRES,FL,33974
6455,Apples,1845 Seville BLVD 622,Apples,FL,34109
6456,Apples,663 Carrillon AVE S ,LEHIGH ACRES,FL,33974
6457,Apples,3070 Gulf Shore BLVD N 205,Apples,FL,34103
6458,Apples,8008 Vera Cruz WAY ,Apples,FL,34109
6459,Apples,960 7th ST S 103,Apples,FL,34102
6460,Apples,9578 Campanile CIR ,Apples,FL,34114
6461,Apples,500 VERANDA WAY A-205,Apples,FL,34104
6462,Apples,24321 Woodsage DR ,BONITA SPRINGS,FL,34134
6463,Apples,12219 Toscana WAY 203,BONITA SPRINGS,FL,34135
6464,Apples,27631 S View DR ,BONITA SPRINGS,FL,34135
6465,Apples,11520 Compass Point DR ,FORT MYERS,FL,33908
6466,Apples,658 Carrillon AVE S ,LEHIGH ACRES,FL,33974
6467,Apples,662 Carrillon AVE S ,LEHIGH ACRES,FL,33974
6468,Apples,12518 Fenhurst WAY ,Apples,FL,34120
6469,Apples,1188 13th ST N ,Apples,FL,34102
6470,Apples,1453 2nd AVE S ,Apples,FL,34102
6471,Apples,14676 Speranza WAY ,BONITA SPRINGS,FL,34135
6472,Apples,14348 Neptune AVE ,Apples,FL,34114
6473,Apples,155 Via Napoli ,Apples,FL,34105
6474,Apples,8823 Cascade Price CIR ,NORTH FORT MYERS,FL,33917
6475,Apples,6649 Marbella LN ,Apples,FL,34105
6476,Apples,7300 Glenmoor LN 1206,Apples,FL,34104
6477,Apples,761 Elkcam CIR A108,MARCO ISLAND,FL,34145
6478,Apples,14769 Windward LN ,Apples,FL,34114
6479,Apples,7320 Coventry CT 703,Apples,FL,34104
6480,Apples,1320 Henley ST 2003,Apples,FL,34105
6481,Apples,5367 Ferrari AVE ,AVE MARIA,FL,34142
6482,Apples,9486 Gulf Shore DR A-101,Apples,FL,34108
6483,Apples,8385 Excalibur CIR G8,Apples,FL,34108
6484,Apples,1100 Collier BLVD 1225,MARCO ISLAND,FL,34145
6485,Apples,25053 Peacock LN 101,Apples,FL,34114
6486,Apples,13520 Southampton DR ,BONITA SPRINGS,FL,34135
6487,Apples,472 Parkhouse CT ,MARCO ISLAND,FL,34145
6488,Apples,193 Vista LN ,Apples,FL,34119
6489,Apples,2216 Outrigger LN ,Apples,FL,34104
6490,Apples,9836 Venezia CIR 915,Apples,FL,34113
6491,Apples,780 Weber BLVD S ,Apples,FL,34117
6492,Apples,1818 Ivy Pointe CT ,Apples,FL,34109
6493,Apples,308 Wentworth CT ,Apples,FL,34104
6494,Apples,245 Stonegate CT ,Apples,FL,34119
6495,Apples,4191 1st AVE SW ,Apples,FL,34119
6496,Apples,6250 Bellerive AVE 5-504,Apples,FL,34119
6497,Apples,4911 Catalina DR 22,Apples,FL,34112
6498,Apples,1041 Collier BLVD 103,MARCO ISLAND,FL,34145
6499,Apples,371 17th ST NW ,Apples,FL,34120
6500,Apples,265 Indies WAY 403,Apples,FL,34110
6501,Apples,5900 Bonita Beach RD 1703,BONITA SPRINGS,FL,34134
6502,Apples,117 Pago Pago DR E ,Apples,FL,34113
6503,Apples,26888 Mclaughlin BLVD ,BONITA SPRINGS,FL,34134
6504,Apples,4891 West Boulevard CT 1,Apples,FL,34103
6505,Apples,4330 7th AVE SW ,Apples,FL,34119
6506,Apples,356 Pirates Bight ,Apples,FL,34103
6507,Apples,165 5th ST S ,Apples,FL,34102
6508,Apples,1035 3rd AVE S 504,Apples,FL,34102
6509,Apples,3235 Potomac CT ,Apples,FL,34120
6510,Apples,6300 Pelican Bay BLVD A-102,Apples,FL,34108
6511,Apples,733 Riviera DR ,Apples,FL,34103
6512,Apples,242 Stillwater CT ,MARCO ISLAND,FL,34145
6513,Apples,1316 Mainsail DR 1021,Apples,FL,34114
6514,Apples,53 High Point CIR W 106,Apples,FL,34103
6515,Apples,390 31st ST SW ,Apples,FL,34117
6516,Apples,3576 Windjammer CIR 1501,Apples,FL,34112
6517,Apples,6964 Amen Corner CT ,Apples,FL,34113
6518,Apples,4478 Wayside DR ,Apples,FL,34119
6519,Apples,21 Grey Wing PT ,Apples,FL,34113
6520,Apples,890 Collier BLVD 1704,MARCO ISLAND,FL,34145
6521,Apples,9375 Gulf Shore DR 503,Apples,FL,34108
6522,Apples,1111 Spyglass LN ,Apples,FL,34102
6523,Apples,4192 Bay Beach LN 855,FORT MYERS BEACH,FL,33931
6524,Apples,680 Barfield DR ,MARCO ISLAND,FL,34145
6525,Apples,1900 Alamanda DR 306,Apples,FL,34102
6526,Apples,3427 Allegheny CT ,Apples,FL,34120
6527,Apples,2078 Torino WAY ,Apples,FL,34105
6528,Apples,175 Glen Eagle CIR ,Apples,FL,34104
6529,Apples,1657 Serrano CIR ,Apples,FL,34105
6530,Apples,590 Regatta RD ,Apples,FL,34103
6531,Apples,334 Meadowlark CT ,MARCO ISLAND,FL,34145
6532,Apples,7860 Clemson ST 101,Apples,FL,34104
6533,Apples,416 Bristle Cone LN 9,Apples,FL,34113
6534,Apples,1366 Mainsail DR 1515,Apples,FL,34114
6535,Apples,17 Amethyst AVE 17-A,Apples,FL,34114
6536,Apples,500 Saturn CT 45,MARCO ISLAND,FL,34145
6537,Apples,4141 Bay Beach LN 444,FORT MYERS BEACH,FL,33931
6538,Apples,5700 Bonita Beach RD 3507,BONITA SPRINGS,FL,34134
6539,Apples,28530 Calabria CT 202,Apples,FL,34110
6540,Apples,200 Audubon BLVD ,Apples,FL,34110
6541,Apples,9253 Mercato WAY ,Apples,FL,34108
6542,Apples,9405 Rialto DR ,Apples,FL,34113
6543,Apples,4370 72nd AVE NE ,Apples,FL,34120
6544,Apples,1420 47th AVE NE ,Apples,FL,34120
6545,Apples,825 Bentwater CIR 204,Apples,FL,34108
6546,Apples,153 Temple LN 170,Apples,FL,34114
6547,Apples,8990 Bay Colony DR 401,Apples,FL,34108
6548,Apples,10038 Florence CIR ,Apples,FL,34119
6549,Apples,23750 Via Trevi WAY 601,BONITA SPRINGS,FL,34134
6550,Apples,5902 Barclay LN ,Apples,FL,34110
6551,Apples,2909 Leonardo AVE ,Apples,FL,34119
6552,Apples,2860 Aintree LN L202,Apples,FL,34112
6553,Apples,2252 RESIDENCE CIR ,Apples,FL,34105
6554,Apples,5705 Mayflower WAY 1403,AVE MARIA,FL,34142
6555,Apples,325 Dunes BLVD 205,Apples,FL,34110
6556,Apples,326 Bradstrom CIR F-104,Apples,FL,34113
6557,Apples,1190 Wahoo CT ,Apples,FL,34102
6558,Apples,472 Bristle Cone LN ,Apples,FL,34113
6559,Apples,522 Eagle Creek DR ,Apples,FL,34113
6560,Apples,1735 Beverly DR ,Apples,FL,34114
6561,Apples,7090 Sandalwood LN ,Apples,FL,34109
6562,Apples,12911 Silverthorn CT ,BONITA SPRINGS,FL,34135
6563,Apples,14479 Manchester DR ,Apples,FL,34114
6564,Apples,5844 Plymouth PL ,AVE MARIA,FL,34142
6565,Apples,221 Countryside DR ,Apples,FL,34104
6566,Apples,5447 Useppa DR NW ,AVE MARIA,FL,34142
6567,Apples,460 Launch CIR 403,Apples,FL,34108
6568,Apples,993 Tivoli CT ,Apples,FL,34104
6569,Apples,681 Crescent ST ,MARCO ISLAND,FL,34145
6570,Apples,8991 Saint Lucia DR ,Apples,FL,34114
6571,Apples,6080 Pelican Bay BLVD A-104,Apples,FL,34108
6572,Apples,8905 Saint Lucia DR ,Apples,FL,34114
6573,Apples,6556 Dominica DR 202,Apples,FL,34113
6574,Apples,760 Collier BLVD 3-203,MARCO ISLAND,FL,34145
6575,Apples,7793 Hawthorne DR 2901,Apples,FL,34113
6576,Apples,2642 Storter AVE ,Apples,FL,34112
6577,Apples,3965 Deer Crossing CT 206,Apples,FL,34114
6578,Apples,440 Seaview CT 404,MARCO ISLAND,FL,34145
6579,Apples,5138 Andros DR ,Apples,FL,34113
6580,Apples,11575 Woodmount LN ,ESTERO,FL,33928
6581,Apples,731 Provincetown DR ,Apples,FL,34104
6582,Apples,555 Park Shore DR B-308,Apples,FL,34103
6583,Apples,6005 Trophy DR 904,Apples,FL,34110
6584,Apples,42 5th ST S ,Apples,FL,34102
6585,Apples,6173 Victory DR ,AVE MARIA,FL,34142
6586,Apples,25808 COCKLESHELL DR D-213,BONITA SPRINGS,FL,34135
6587,Apples,12690 Glen Hollow DR ,BONITA SPRINGS,FL,34135
6588,Apples,9066 Terranova DR ,Apples,FL,34109
6589,Apples,4720 ARBORETUM CIR 102,Apples,FL,34112
6590,Apples,3753 Sapphire Cove CIR ,Apples,FL,34114
6591,Apples,3870 HELMSMAN DR ,Apples,FL,34120
6592,Apples,440 Seaview CT 604,MARCO ISLAND,FL,34145
6593,Apples,9566 Blue Stone CIR ,FORT MYERS,FL,33913
6594,Apples,3853 HELMSMAN DR ,Apples,FL,34120
6595,Apples,7098 Live Oak DR ,Apples,FL,34114
6596,Apples,1801 Gulf Shore BLVD N 303,Apples,FL,34102
6597,Apples,9109 Isla Bella CIR ,BONITA SPRINGS,FL,34135
6598,Apples,3295 34th AVE SE ,Apples,FL,34117
6599,Apples,13631 Worthington WAY 1703,BONITA SPRINGS,FL,34135
6600,Apples,7470 Emilia LN ,Apples,FL,34114
6601,Apples,20 Seagate DR 701,Apples,FL,34103
6602,Apples,445 Cove Tower DR 602,Apples,FL,34110
6603,Apples,9836 Venezia CIR 926,Apples,FL,34113
6604,Apples,1463 2nd AVE S ,Apples,FL,34102
6605,Apples,7130 Blue Juniper CT 202,Apples,FL,34109
6606,Apples,12935 Violino LN 301,Apples,FL,34105
6607,Apples,8412 Borboni CT ,Apples,FL,34114
6608,Apples,9901 Montiano DR ,Apples,FL,34113
6609,Apples,7887 Bristol CIR ,Apples,FL,34120
6610,Apples,1101 Strawberry CT ,MARCO ISLAND,FL,34145
6611,Apples,3055 Round Table CT ,Apples,FL,34112
6612,Apples,954 Tivoli CT ,Apples,FL,34104
6613,Apples,1839 Hurricane Harbor LN NW ,Apples,FL,34102
6614,Apples,196 Monterey DR ,Apples,FL,34119
6615,Apples,15118 Palmer Lake CIR 104,Apples,FL,34109
6616,Apples,1100 Little Neck CT F52,Apples,FL,34102
6617,Apples,2122 Modena CT ,Apples,FL,34105
6618,Apples,688 Elkcam CIR 1023,MARCO ISLAND,FL,34145
6619,Apples,991 Collier CT A103,MARCO ISLAND,FL,34145
6620,Apples,3874 HELMSMAN DR ,Apples,FL,34120
6621,Apples,611 Palm AVE F-29,GOODLAND,FL,34140
6622,Apples,3849 HELMSMAN DR ,Apples,FL,34120
6623,Apples,1294 Rialto WAY 101,Apples,FL,34114
6624,Apples,172 Beachcomber ST ,MARCO ISLAND,FL,34145
6625,Apples,11720 Canal Grande DR ,FORT MYERS,FL,33913
6626,Apples,20027 Sweetbay DR ,NORTH FORT MYERS,FL,33917
6627,Apples,2130 Snook DR ,Apples,FL,34102
6628,Apples,739 Charlemagne BLVD ,Apples,FL,34112
6629,Apples,12990 Positano CIR 106,Apples,FL,34105
6630,Apples,2506 Orchid Bay DR Z-202,Apples,FL,34109
6631,Apples,1080 Old Marco LN ,MARCO ISLAND,FL,34145
6632,Apples,17200 Galway RUN ,BONITA SPRINGS,FL,34135
6633,Apples,1558 Jamaica CT ,MARCO ISLAND,FL,34145
6634,Apples,142 NEWPORT DR 1401,Apples,FL,34114
6635,Apples,4958 Westchester CT 4002,Apples,FL,34105
6636,Apples,2813 4th PL ,CAPE CORAL,FL,33909
6637,Apples,701 21st AVE S ,Apples,FL,34102
6638,Apples,248 Palm DR 49-7,Apples,FL,34112
6639,Apples,2170 Gulf Shore BLVD N 62W,Apples,FL,34102
6640,Apples,9453 Napoli LN ,Apples,FL,34113
6641,Apples,537 AVELLINO ISLES CIR 202,Apples,FL,34119
6642,Apples,1482 Borghese LN 301,Apples,FL,34114
6643,Apples,7808 Regal Heron CIR 2-205,Apples,FL,34104
6644,Apples,150 5th AVE S ,Apples,FL,34102
6645,Apples,1071 17th ST SW ,Apples,FL,34117
6646,Apples,2170 Gulf Shore BLVD N 73W,Apples,FL,34102
6647,Apples,970 Cape Marco DR 508,MARCO ISLAND,FL,34145
6648,Apples,3003 Lancaster DR 1-1,Apples,FL,34105
6649,Apples,180 Cypress WAY E B107,Apples,FL,34110
6650,Apples,9380 Gulf Shore DR 306,Apples,FL,34108
6651,Apples,744 21st AVE S ,Apples,FL,34102
6652,Apples,1316 Grand Canal DR ,Apples,FL,34110
6653,Apples,147 Amblewood LN 3-301,Apples,FL,34105
6654,Apples,9063 Capistrano ST N 44-2,Apples,FL,34113
6655,Apples,15719 Villoresi WAY ,Apples,FL,34110
6656,Apples,3390 31st AVE NE ,Apples,FL,34120
6657,Apples,4075 Belair LN ,Apples,FL,34103
6658,Apples,6963 Verde WAY ,Apples,FL,34108
6659,Apples,10047 Florence CIR ,Apples,FL,34119
6660,Apples,4833 Hampshire CT 1-102,Apples,FL,34112
6661,Apples,10099 Palazzo DR ,Apples,FL,34119
6662,Apples,500 Wyndemere WAY E-103,Apples,FL,34105
6663,Apples,1300 Gulf Shore BLVD N 610,Apples,FL,34102
6664,Apples,1520 Imperial Golf Course BLVD 215,Apples,FL,34110
6665,Apples,13029 Pembroke DR ,Apples,FL,34105
6666,Apples,720 Waterford DR 202,Apples,FL,34113
6667,Apples,13013 Pembroke DR ,Apples,FL,34105
6668,Apples,541 Hammock CT ,MARCO ISLAND,FL,34145
6669,Apples,5706 Lago Villaggio WAY ,Apples,FL,34104
6670,Apples,11 San Remo CIR ,Apples,FL,34112
6671,Apples,12985 Pembroke DR ,Apples,FL,34105
6672,Apples,5951 Bermuda LN ,Apples,FL,34119
6673,Apples,3460 Key DR 101,NORTH FORT MYERS,FL,33903
6674,Apples,13025 Pembroke DR ,Apples,FL,34105
6675,Apples,1697 San Marco RD ,MARCO ISLAND,FL,34145
6676,Apples,549 Bay Villas LN 99,Apples,FL,34108
6677,Apples,9059 Breakwater DR ,Apples,FL,34120
6678,Apples,205 Barefoot Beach BLVD ,BONITA SPRINGS,FL,34134
6679,Apples,4101 Gulf Shore BLVD N 20S,Apples,FL,34103
6680,Apples,109 Queen Palm DR 109,Apples,FL,34114
6681,Apples,7651 JACARANDA LN ,Apples,FL,34114
6682,Apples,4430 Botanical Place CIR 202,Apples,FL,34112
6683,Apples,174 Collier BLVD 1104,MARCO ISLAND,FL,34145
6684,Apples,223 Audubon BLVD ,Apples,FL,34110
6685,Apples,9250 Highland Woods BLVD 2304,BONITA SPRINGS,FL,34135
6686,Apples,8700 Purslane DR ,Apples,FL,34109
6687,Apples,2201 Snook DR ,Apples,FL,34102
6688,Apples,15960 Prentiss Pointe CIR 101,FORT MYERS,FL,33908
6689,Apples,3930 Deer Crossing CT 106,Apples,FL,34114
6690,Apples,8065 Tiger CV 1604,Apples,FL,34113
6691,Apples,304 Neapolitan WAY ,Apples,FL,34103
6692,Apples,171 Forest Lakes BLVD 171,Apples,FL,34105
6693,Apples,27592 Woodridge RD ,BONITA SPRINGS,FL,34134
6694,Apples,5689 Heron LN W 407,Apples,FL,34110
6695,Apples,188 Lake Point LN 7-B,Apples,FL,34112
6696,Apples,3305 5th AVE NW ,Apples,FL,34120
6697,Apples,770 21st ST SW ,Apples,FL,34117-3214
6698,Apples,9003 Saint Lucia DR ,Apples,FL,34114
6699,Apples,1109 1st PL ,CAPE CORAL,FL,33993
6700,Apples,1421 10th ST ,CAPE CORAL,FL,33909
6701,Apples,1511 10th TER ,CAPE CORAL,FL,33909
6702,Apples,2269 Royal LN ,Apples,FL,34112
6703,Apples,1006 10th ST ,CAPE CORAL,FL,33909
6704,Apples,3216 Tavolara LN ,Apples,FL,34114
6705,Apples,3939 Brynwood DR ,Apples,FL,34119
6706,Apples,15543 Monterosso LN 101,Apples,FL,34110
6707,Apples,470 Wedge DR ,Apples,FL,34103
6708,Apples,1726 Dogwood DR ,MARCO ISLAND,FL,34145
6709,Apples,15851 Prentiss Pointe CIR 201,FORT MYERS,FL,33908
6710,Apples,3000 Royal Marco WAY 415,MARCO ISLAND,FL,34145
6711,Apples,868 5th AVE S 2-A & 2-B,Apples,FL,34102
6712,Apples,4704 Lakewood BLVD ,Apples,FL,34112
6713,Apples,4021 Trinidad WAY ,Apples,FL,34119
6714,Apples,8774 Saint Lucia DR ,Apples,FL,34114
6715,Apples,355 Park Shore DR 1-134,Apples,FL,34103
6716,Apples,15863 Willoughby LN ,FORT MYERS,FL,33905
6717,Apples,585 Wedgewood WAY ,Apples,FL,34119
6718,Apples,23021 Rosedale DR 202,ESTERO,FL,34135
6719,Apples,20318 Sherrill LN ,ESTERO,FL,33928
6720,Apples,7711 Cottesmore DR ,Apples,FL,34113
6721,Apples,1034 Silver Lakes BLVD W ,Apples,FL,34114
6722,Apples,507 Club Side DR 1-507,Apples,FL,34110
6723,Apples,1130 3rd AVE S 205,Apples,FL,34102
6724,Apples,257 Barefoot Beach BLVD PH03,BONITA SPRINGS,FL,34134
6725,Apples,2180 Sandpiper ST ,Apples,FL,34102
6726,Apples,5233 Berkeley DR ,Apples,FL,34112
6727,Apples,5908 Cranbrook WAY ,Apples,FL,34112
6728,Apples,5693 Heron LN 507,Apples,FL,34110
6729,Apples,4620 Hawks Nest DR G-103,Apples,Fl,34114
6730,Apples,201 24th PL ,CAPE CORAL,FL,33991
6731,Apples,919 11th ST ,CAPE CORAL,FL,33909
6732,Apples,1006 13th PL ,CAPE CORAL,FL,33909
6733,Apples,2634 4th LN ,CAPE CORAL,FL,33914
6734,Apples,848 Collier CT 402,MARCO ISLAND,FL,34145
6735,Apples,4021 Gulf Shore BLVD N 205,Apples,FL,34103
6736,Apples,903 10th TER ,CAPE CORAL,FL,33909
6737,Apples,1024 Tivoli LN ,Apples,FL,34104
6738,Apples,3253 Cullowee LN ,Apples,FL,34114
6739,Apples,8761 Cedar Hammock BLVD 8761,Apples,FL,34112
6740,Apples,3355 Seagrape AVE ,Apples,FL,34104
6741,Apples,6919 Greentree DR ,Apples,FL,34108
6742,Apples,3945 Deer Crossing CT 206,Apples,FL,34114
6743,Apples,1115 Central AVE 556,Apples,FL,34102
6744,Apples,549 Eagle Creek DR ,Apples,FL,34113
6745,Apples,1070 Woodshire LN E103,Apples,FL,34105
6746,Apples,3406 37th ST SW ,LEHIGH ACRES,FL,33976
6747,Apples,27061 Lake Harbor CT 103,BONITA SPRINGS,FL,34134
6748,Apples,1310 Charleston Square DR 101,Apples,FL,34110
6749,Apples,746 EAGLE CREEK DR 102,Apples,FL,34113
6750,Apples,3701 Pino Vista WAY ,ESTERO,FL,33928
6751,Apples,8827 Cascade Price CIR ,NORTH FORT MYERS,FL,33917
6752,Apples,6553 Caldecott DR ,Apples,FL,34113
6753,Apples,4409 Tamarind WAY ,Apples,FL,34119
6754,Apples,4401 Gulf Shore BLVD N B-302,Apples,FL,34103
6755,Apples,1130 3rd AVE S 211,Apples,FL,34102
6756,Apples,1759 Ribbon Fan LN ,Apples,FL,34119
6757,Apples,788 Park Shore DR F14,Apples,FL,34103
6758,Apples,7515 Pelican Bay BLVD 16A,Apples,FL,34108
6759,Apples,401 Courtside DR D-101,Apples,FL,34105
6760,Apples,1442 Galleon DR ,Apples,FL,34102
6761,Apples,129 Wading Bird CIR D-106,Apples,FL,34110
6762,Apples,18030 Bluewater DR ,Apples,FL,34114
6763,Apples,3605 Boca Ciega DR 212,Apples,FL,34112
6764,Apples,12965 Positano CIR 307,Apples,FL,34105
6765,Apples,13037 Pembroke DR ,Apples,FL,34105
6766,Apples,12857 Pastures WAY ,FORT MYERS,FL,33913
6767,Apples,12964 Pembroke DR ,Apples,FL,34105
6768,Apples,13038 Pembroke DR ,Apples,FL,34105
6769,Apples,13030 Pembroke DR ,Apples,FL,34105
6770,Apples,6156 Antigua WAY ,Apples,FL,34113
6771,Apples,4401 Pond Apple DR S ,Apples,FL,34119
6772,Apples,621 Orchid DR ,Apples,FL,34102
6773,Apples,605 105th AVE N ,Apples,FL,34108
6774,Apples,2488 Breakwater WAY 13-101,Apples,FL,34112
6775,Apples,960 Cape Marco DR 802,MARCO ISLAND,FL,34145
6776,Apples,175 Palm DR D,Apples,FL,34112
6777,Apples,1115 Central AVE 348,Apples,FL,34102
6778,Apples,1115 Central AVE 547,Apples,FL,34102
6779,Apples,1115 Central AVE 440,Apples,FL,34102
6780,Apples,571 Eagle Creek DR ,Apples,FL,34113
6781,Apples,9261 Indigo Isle CT 102,ESTERO,FL,34135
6782,Apples,25130 Sandpiper Greens CT 206,BONITA SPRINGS,FL,34134
6783,Apples,101 Kaula LN ,BONITA SPRINGS,FL,34134
6784,Apples,5245 Warren ST ,Apples,FL,34113
6785,Apples,14780 Windward LN ,Apples,FL,34114
6786,Apples,7415 Plumbago BGHT 201,Apples,FL,34109
6787,Apples,40 Seagate DR 101,Apples,FL,34103
6788,Apples,206 Hideaway CIR N ,MARCO ISLAND,FL,34145
6789,Apples,11111 Sea Tropic LN ,FORT MYERS,FL,33908
6790,Apples,6337 Cocos DR ,FORT MYERS,FL,33908
6791,Apples,3434 58th AVE NE ,Apples,FL,34120
6792,Apples,207 Topanga DR ,BONITA SPRINGS,FL,34134
6793,Apples,2190 Anchorage LN - D,Apples,FL,34104
6794,Apples,21730 Southern Hills DR 103,ESTERO,FL,33928
6795,Apples,6095 Pinnacle LN 1302,Apples,FL,34110
6796,Apples,1330 Bald Eagle DR 79,Apples,FL,34105
6797,Apples,17567 Brickstone LOOP ,FORT MYERS,FL,33967
6798,Apples,2350 W Crown Pointe BLVD 231,Apples,FL,34112
6799,Apples,480 Collier BLVD 814,MARCO ISLAND,FL,34145
6800,Apples,4556 Court WAY 17-A,Apples,FL,34109
6801,Apples,138 Pebble Shores DR 202,Apples,FL,34110
6802,Apples,23580 Wisteria Pointe DR 703,ESTERO,FL,34135
6803,Apples,1084 Winding Pines CIR 201,CAPE CORAL,FL,33909
6804,Apples,1440 COUNTY ROAD 13 S ,ST. AUGUSTINE,FL,32092
6805,Apples,2294 Poinciana ST ,Apples,FL,34105
6806,Apples,1060 Borghese LN 505,Apples,FL,34114
6807,Apples,4731 Bonita Bay BLVD W 1001,BONITA SPRINGS,FL,34134
6808,Apples,13219 White Marsh LN 106,FORT MYERS,FL,33912
6809,Apples,1085 Forest Lakes DR 8106,Apples,FL,34105
6810,Apples,26300 Devonshire CT 201,BONITA SPRINGS,FL,34134
6811,Apples,4720 Shinnecock Hills CT 101,Apples,FL,34112
6812,Apples,9388 Lake Abby LN ,BONITA SPRINGS,FL,34135
6813,Apples,28012 Bridgetown CT 4913,BONITA SPRINGS,FL,34135
6814,Apples,746 Eagle Creek DR 204,Apples,FL,34113
6815,Apples,5893 Cobblestone LN A105,Apples,FL,34112
6816,Apples,14585 SONOMA BLVD ,Apples,FL,34114
6817,Apples,4018 Crayton RD ,Apples,FL,34103
6818,Apples,745 Palm Point DR ,GOODLAND,FL,34140
6819,Apples,2700 Cypress Trace CIR 3129,Apples,FL,34119
6820,Apples,2670 Barrett AVE ,Apples,FL,34112
6821,Apples,785 Meadowland DR 35-2,Apples,FL,34108
6822,Apples,5450 Useppa DR ,AVE MARIA,FL,34142
6823,Apples,17440 Georgia RD ,FORT MYERS,FL,33967
6824,Apples,25260 Bay Cedar DR ,BONITA SPRINGS,FL,34134
6825,Apples,2851 Tiburon BLVD E 9-103,Apples,FL,34109
6826,Apples,81 Seagate DR 1501,Apples,FL,34103
6827,Apples,1020 Palm View DR C-105,Apples,FL,34110
6828,Apples,100 Forest Lakes BLVD 209,Apples,FL,34105
6829,Apples,801 Regency Reserve CIR 4304,Apples,FL,34119
6830,Apples,7814 Mulberry LN ,Apples,FL,34114
6831,Apples,28050 Dorado DR ,BONITA SPRINGS,FL,34135
6832,Apples,730 Southern Pines DR ,Apples,FL,34103
6833,Apples,4051 Gulf Shore BLVD N 705,Apples,FL,34103
6834,Apples,15110 Palmer Lake CIR 105,Apples,FL,34109
6835,Apples,7816 Gardner DR 203,Apples,FL,34109
6836,Apples,1718 Bald Eagle DR A,Apples,FL,34105
6837,Apples,6001 Pelican Bay BLVD 1006,Apples,FL,34108
6838,Apples,310 Imperial Wildern BLVD 310,Apples,FL,34114
6839,Apples,3861 Ken's WAY 506,BONITA SPRINGS,FL,34134
6840,Apples,3861 Ken's WAY 516,BONITA SPRINGS,FL,34134
6841,Apples,1625 Osprey AVE ,Apples,FL,34102
6842,Apples,850 Palm ST E2,MARCO ISLAND,FL,34145
6843,Apples,140 Seaview CT 506N,MARCO ISLAND,FL,34145
6844,Apples,5664 Highbourne DR ,Apples,FL,34113
6845,Apples,5378 Ferris AVE E ,AVE MARIA,FL,34142
6846,Apples,11796 Grand Belvedere WAY 103,FORT MYERS,FL,33913
6847,Apples,11792 Grand Belvedere WAY 203,FORT MYERS,FL,33913
6848,Apples,11788 Grand Belvedere WAY 201,FORT MYERS,FL,33913
6849,Apples,538 Avellino Isles CIR 9102,Apples,FL,34119
6850,Apples,16124 Camden Lakes CIR ,Apples,FL,34110
6851,Apples,12047 Hawthorn Lake DR 102,FORT MYERS,FL,33913
6852,Apples,11840 Arbor Trace DR ,FORT MYERS,FL,33913
6853,Apples,1095 Winding Pines CIR 201,CAPE CORAL,FL,33909
6854,Apples,14683 Topsail DR ,Apples,FL,34114
6855,Apples,1095 Winding Pines CIR 204,CAPE CORAL,FL,33909
6856,Apples,1095 Winding Pines CIR 206,CAPE CORAL,FL,33909
6857,Apples,3628 Kent DR ,Apples,FL,34112
6858,Apples,1247 Egrets Landing 202,Apples,FL,34108
6859,Apples,905 Augusta BLVD 905-6,Apples,FL,34113
6860,Apples,4430 5th AVE NW ,Apples,FL,34119
6861,Apples,2721 Callista CT 204,Apples,FL,34114
6862,Apples,5708 Deauville CIR J301,Apples,FL,34112
6863,Apples,14594 Regatta LN ,Apples,FL,34114
6864,Apples,12446 Kelly Sands WAY ,FORT MYERS,FL,33908
6865,Apples,7065 Dennis CIR F-205,Apples,FL,34104
6866,Apples,264 Bayview AVE ,Apples,FL,34108
6867,Apples,3695 Amberly CIR E103,Apples,FL,34112
6868,Apples,3387 Boca Ciega DR D-3,Apples,FL,34112
6869,Apples,193 Harrison RD 9-4,Apples,FL,34112
6870,Apples,14772 Windward LN ,Apples,FL,34114
6871,Apples,17556 Winding Wood LN ,PUNTA GORDA,FL,33982
6872,Apples,4068 Nova LN ,Apples,FL,34119
6873,Apples,14600 Old Hickory BLVD ,FORT MYERS,FL,33912
6874,Apples,25800 Hickory BLVD 406,BONITA SPRINGS,FL,34134
6875,Apples,4323 13th AVE SW ,Apples,FL,34116
6876,Apples,5550 Heron Point DR 1405,Apples,FL,34108
6877,Apples,220 Seaview CT 516,MARCO ISLAND,FL,34145
6878,Apples,8399 Ibis Cove CIR ,Apples,FL,34119
6879,Apples,445 Cove Tower DR 1201,Apples,FL,34110
6880,Apples,168 Channel DR ,Apples,FL,34108
6881,Apples,15103 Ligustrum LN ,ALVA,FL,33920
6882,Apples,850 Central AVE 309,Apples,FL,34102
6883,Apples,4570 Luminary AVE ,Apples,FL,34119
6884,Apples,23540 Via Veneto 2102,BONITA SPRINGS,FL,34134
6885,Apples,5080 Annunciation CIR 1204,AVE MARIA,FL,34142
6886,Apples,1947 8th ST S ,Apples,FL,34102
6887,Apples,8753 Madrid CIR ,Apples,FL,34104
6888,Apples,508 Devils LN ,Apples,FL,34103
6889,Apples,3524 Cherry Blossom CT 201,ESTERO,FL,33928
6890,Apples,103 Dominica LN ,BONITA SPRINGS,FL,34134
6891,Apples,14530 Red Fox Run 208,Apples,FL,34110
6892,Apples,508 Tigertail CT ,MARCO ISLAND,FL,34145
6893,Apples,4300 BRYNWOOD DR ,Apples,FL,34119
6894,Apples,3000 Royal Marco WAY 3-611,MARCO ISLAND,FL,34145
6895,Apples,9218 Estero River CIR ,ESTERO,FL,33928
6896,Apples,540 MYRTLE RD ,Apples,FL,34108
6897,Apples,2991 18th AVE NE ,Apples,FL,34120
6898,Apples,3622 18th AVE NE ,Apples,FL,34120
6899,Apples,18141 Everson Miles CIR ,NORTH FORT MYERS,FL,33917
6900,Apples,18121 Everson Miles CIR ,NORTH FORT MYERS,FL,33917
6901,Apples,100 Grassy Key LN 40,Apples,FL,34114
6902,Apples,4084 Northlight DR 1703,Apples,FL,34112
6903,Apples,469 Germain AVE ,Apples,FL,34108
6904,Apples,307 8th AVE S 13,Apples,FL,34102
6905,Apples,1084 Winding Pines CIR 203,CAPE CORAL,FL,33909
6906,Apples,6833 Wellington DR ,Apples,FL,34109
6907,Apples,1084 Winding Pines CIR 204,CAPE CORAL,FL,33909
6908,Apples,1102 Winding Pines CIR 201,CAPE CORAL,FL,33909
6909,Apples,890 Collier BLVD 705,MARCO ISLAND,FL,34145
6910,Apples,26721 Clarkston DR 108,BONITA SPRINGS,FL,34135
6911,Apples,9450 Highland Woods BLVD 6307,BONITA SPRINGS,FL,34135
6912,Apples,9350 Highland Woods BLVD 4403,BONITA SPRINGS,FL,34135
6913,Apples,7025 Dennis CIR G-207,Apples,FL,34104
6914,Apples,3410 3rd AVE NW ,Apples,FL,34120
6915,Apples,4720 ARBORETUM CIR 104,Apples,FL,34112
6916,Apples,6556 GOOD LIFE ST ,FORT MYERS,FL,33966
6917,Apples,6554 GOOD LIFE ST ,FORT MYERS,FL,33966
6918,Apples,28861 Cavell TER ,Apples,FL,34119
6919,Apples,3275 43rd AVE NE ,Apples,FL,34120
6920,Apples,1102 Winding Pines CIR 202,CAPE CORAL,FL,33909
6921,Apples,14475 Marsala WAY ,Apples,FL,34105
6922,Apples,9030 Las Maderas DR 201,BONITA SPRINGS,FL,34135
6923,Apples,3431 Baltic DR ,Apples,FL,34119
6924,Apples,3228 Sundance CIR ,Apples,FL,34109
6925,Apples,1804 Dogwood DR ,MARCO ISLAND,FL,34145
6926,Apples,1102 Winding Pines CIR 203,CAPE CORAL,FL,33909
6927,Apples,1102 Winding Pines CIR 204,CAPE CORAL,FL,33909
6928,Apples,1102 Winding Pines CIR 205,CAPE CORAL,FL,33909
6929,Apples,1102 Winding Pines CIR 206,CAPE CORAL,FL,33909
6930,Apples,1102 Winding Pines CIR 207,CAPE CORAL,FL,33909
6931,Apples,1533 Serrano CIR ,Apples,FL,34105
6932,Apples,223 Silverado DR ,Apples,FL,34119
6933,Apples,11477 Tanager CT ,Apples,FL,34119
6934,Apples,4770 Alberton CT 2602,Apples,FL,34105
6935,Apples,5792 Deauville CIR A307,Apples,FL,34112
6936,Apples,58 Willoughby DR ,Apples,FL,34110
6937,Apples,755 Cape Haze WAY ,Apples,FL,34104
6938,Apples,440 Fox Haven DR 2101,Apples,FL,34104
6939,Apples,2452 50th AVE NE ,Apples,FL,34120
6940,Apples,18137 Everson Miles CIR ,NORTH FORT MYERS,FL,33917
6941,Apples,18125 Everson Miles CIR ,NORTH FORT MYERS,FL,33917
6942,Apples,18117 Everson Miles CIR ,NORTH FORT MYERS,FL,33917
6943,Apples,143 Peach CT ,MARCO ISLAND,FL,34145
6944,Apples,8500 Mallards PT ,Apples,FL,34114
6945,Apples,110 Bobolink WAY 10A,Apples,FL,34105
6946,Apples,5666 Sago CT ,Apples,FL,34119
6947,Apples,14611 Edgewater CIR ,Apples,FL,34114
6948,Apples,115 Cheetah DR 115,Apples,FL,34114
6949,Apples,7472 Treeline DR ,Apples,FL,34119
6950,Apples,4240 Lake Forest DR 413,BONITA SPRINGS,FL,34134
6951,Apples,18 Enchanting BLVD E-18,Apples,FL,34112
6952,Apples,1355 4th ST S ,Apples,FL,34102
6953,Apples,7905 Preserve CIR 135,Apples,FL,34119
6954,Apples,84 Glades BLVD 4,Apples,FL,34112
6955,Apples,4450 Botanical Place CIR 206,Apples,FL,34112
6956,Apples,3000 Gulf Shore BLVD N 213,Apples,FL,34103
6957,Apples,348 24th PL ,CAPE CORAL,FL,33991
6958,Apples,106 8th TER ,CAPE CORAL,FL,33993
6959,Apples,10352 Silver Pond LN ,LEHIGH ACRES,FL,33936
6960,Apples,3300 Green Dolphin LN ,Apples,FL,34102
6961,Apples,19590 Galleon Point DR ,LEHIGH ACRES,FL,33936
6962,Apples,840 Collier BLVD 402,MARCO ISLAND,FL,34145
6963,Apples,1773 Ivy Pointe CT ,Apples,FL,34109
6964,Apples,326 Fox Den CIR ,Apples,FL,34104
6965,Apples,1501 Bluefin CT ,Apples,FL,34102
6966,Apples,4007 Aspen Chase DR ,Apples,FL,34119
6967,Apples,9426 Benvenuto CT 202,Apples,FL,34119
6968,Apples,551 Beachwalk CIR 72,Apples,FL,34108
6969,Apples,1874 Morning Sun LN 29,Apples,FL,34119
6970,Apples,732 Broad CT N ,Apples,FL,34102
6971,Apples,5767 Deauville CIR D202,Apples,FL,34112
6972,Apples,2987 Amblewind DR ,FORT MYERS,fl,33905
6973,Apples,851 Gulf Pavilion DR 102,Apples,FL,34108
6974,Apples,2091 Hickeys Creekside DR ,ALVA,FL,33920
6975,Apples,2121 Hickeys Creekside DR ,ALVA,FL,33920
6976,Apples,4000 Gulf Shore BLVD N 3000,Apples,FL,34103
6977,Apples,3211 Lancaster DR 4,Apples,FL,34105
6978,Apples,8171 Bay Colony DR 502,Apples,FL,34108
6979,Apples,10501 Crossback LN ,LEHIGH ACRES,FL,33936
6980,Apples,20018 Fiddlewood AVE ,NORTH FORT MYERS,FL,33917
6981,Apples,3505 County Barn RD 103,Apples,FL,34112
6982,Apples,23640 Walden Center DR 105,ESTERO,FL,34134
6983,Apples,6446 Birchwood CT ,Apples,FL,34109
6984,Apples,480 Collier BLVD 804,MARCO ISLAND,FL,34145
6985,Apples,6189 Megans Bay DR ,Apples,FL,34113
6986,Apples,14919 Blue Bay CIR ,FORT MYERS,FL,33913
6987,Apples,682 97th AVE N ,Apples,FL,34108
6988,Apples,6221 Union Island WAY ,Apples,FL,34113
6989,Apples,8440 Indian Wells WAY ,Apples,FL,34113
6990,Apples,3730 28th AVE SE ,Apples,FL,34117
6991,Apples,4180 Looking Glass LN 4102,Apples,FL,34112
6992,Apples,2891 Desoto BLVD S ,Apples,FL,34117
6993,Apples,140 Seaview CT 203S,MARCO ISLAND,FL,34145
6994,Apples,14534 Kelson CIR ,Apples,FL,34114
6995,Apples,6905 Bent Grass DR ,Apples,FL,34113
6996,Apples,436 Corbel DR ,Apples,FL,34110
6997,Apples,15100 Yellow Wood DR ,ALVA,FL,33920
6998,Apples,1622 Songbird CT ,Apples,FL,34120
6999,Apples,6193 Megans Bay DR ,Apples,FL,34113
7000,Apples,3130 Seasons WAY 407,ESTERO,FL,33928
7001,Apples,1930 Par DR ,Apples,FL,34120
7002,Apples,2245 Harmony LN 7-203,Apples,FL,34109
7003,Apples,27150 Flamingo DR ,BONITA SPRINGS,FL,34135
7004,Apples,2150 Gulf Shore BLVD N 309,Apples,FL,34102
7005,Apples,8033 Gopher Tortoise TRL ,LEHIGH ACRES,FL,33972
7006,Apples,2488 Breakwater WAY 13-102,Apples,FL,34112
7007,Apples,2480 Breakwater WAY 12-201,Apples,FL,34112
7008,Apples,624 104th AVE N ,Apples,FL,34108
7009,Apples,96 Kirkwood ST ,MARCO ISLAND,FL,34145
7010,Apples,2347 Harbor RD ,Apples,FL,34104
7011,Apples,451 Bayfront PL 5301,Apples,FL,34102
7012,Apples,8821 Spinner Cove LN ,Apples,FL,34120
7013,Apples,25170 Goldcrest DR 911,BONITA SPRINGS,FL,34134
7014,Apples,9491 Napoli LN 201,Apples,FL,34113
7015,Apples,6075 Pelican Bay BLVD 102,Apples,FL,34108
7016,Apples,910 Vanderbilt Beach RD 123W,Apples,FL,34108
7017,Apples,10939 Fieldfair DR ,Apples,FL,34119
7018,Apples,942 Barfield DR ,MARCO ISLAND,FL,34145
7019,Apples,782 Eagle Creek DR 102,Apples,FL,34113
7020,Apples,9037 Alturas ST 3704,Apples,FL,34113
7021,Apples,196 Eugenia DR ,Apples,FL,34108
7022,Apples,448 16th ST NE ,Apples,FL,34120
7023,Apples,2872 30th AVE SE ,Apples,FL,34117
7024,Apples,12610 Hunters Ridge DR ,BONITA SPRINGS,FL,34135
7025,Apples,1057 Forest Lakes DR 1303,Apples,FL,34105
7026,Apples,320 24th PL ,CAPE CORAL,FL,33991
7027,Apples,773 18th AVE S ,Apples,FL,34102
7028,Apples,6130 Megans Bay DR ,Apples,FL,34113
7029,Apples,6138 Megans Bay DR ,Apples,FL,34113
7030,Apples,3303 22ND ST W ,LEHIGH ACRES,FL,33971
7031,Apples,3812 6TH ST SW ,LEHIGH ACRES,FL,33971
7032,Apples,5451 Rattlesnake Hammock RD 302D,Apples,FL,34113
7033,Apples,2935 12 th AVE NE ,Apples,FL,34120
7034,Apples,12 Hackney LN A-23,Apples,FL,34112
7035,Apples,6110 Megans Bay DR ,Apples,FL,34113
7036,Apples,102 5th PL ,CAPE CORAL,FL,33909
7037,Apples,9767 Glen Heron DR ,BONITA SPRINGS,FL,34135
7038,Apples,4125 Cortland WAY ,Apples,FL,34119
7039,Apples,1666 Serrano CIR ,Apples,FL,34105
7040,Apples,1711 29th TER ,CAPE CORAL,FL,33993
7041,Apples,314 30th ST ,CAPE CORAL,FL,33909
7042,Apples,2624 7th AVE ,CAPE CORAL,FL,33909
7043,Apples,7068 Verde WAY ,Apples,FL,34108
7044,Apples,3279 Miyagi LN ,Apples,FL,34114
7045,Apples,1517 Kenridge PL ,Apples,FL,34104
7046,Apples,6001 Pelican Bay BLVD 503,Apples,FL,34108
7047,Apples,24895 Bay Cedar DR ,BONITA SPRINGS,FL,34134
7048,Apples,4130 Bayhead DR 102,BONITA SPRINGS,FL,34134
7049,Apples,6443 Legacy CIR SW 1101,Apples,FL,34113
7050,Apples,25900 Hickory BLVD 806,BONITA SPRINGS,FL,34134
7051,Apples,21450 Strada Nuova CIR 305,ESTERO,FL,33928
7052,Apples,1315 Noble Heron WAY ,Apples,FL,34105
7053,Apples,8342 Ibis Cove CIR B-245,Apples,FL,34119
7054,Apples,864 Tanbark DR 203,Apples,FL,34108
7055,Apples,6389 Lyford Isle DR ,Apples,FL,34113
7056,Apples,3000 Oasis Grand BLVD 2305,FORT MYERS,FL,33916
7057,Apples,2870 Castillo CT 102,Apples,FL,34109
7058,Apples,5311 Summerlin RD 1106,FORT MYERS,FL,33919
7059,Apples,611 Palm AVE J-39,GOODLAND,FL,34140
7060,Apples,28012 Cavendish CT 5004,BONITA SPRINGS,FL,34135
7061,Apples,480 Wedge DR ,Apples,FL,34103
7062,Apples,4048 Cherrybrook LOOP ,FORT MYERS,FL,33966
7063,Apples,317 Sunrise Cay 1-201,Apples,FL,34114
7064,Apples,1320 Dove Tree ST ,Apples,FL,34117
7065,Apples,2380 Bayou LN 10,Apples,FL,34112
7066,Apples,7178 Dominica DR ,Apples,FL,34113
7067,Apples,3880 Rum Row ,Apples,FL,34102
7068,Apples,9566 Gulf Shore DR 201,Apples,FL,34108
7069,Apples,2738 Tiburon BLVD E B-305,Apples,FL,34109
7070,Apples,6181 Megans Bay DR ,Apples,FL,34113
7071,Apples,6755 Huntington Lakes CIR 202,Apples,FL,34119
7072,Apples,6185 Megans Bay DR ,Apples,FL,34113
7073,Apples,610 111th AVE N ,Apples,FL,34108
7074,Apples,28533 Sicily LOOP ,BONITA SPRINGS,FL,34135
7075,Apples,9378 Pocida CT 19-203,Apples,FL,34119
7076,Apples,3185 Aviamar CIR 102,Apples,FL,34114
7077,Apples,279 Marquesas CT ,MARCO ISLAND,FL,34145
7078,Apples,9653 Montelanico LOOP 28-201,Apples,FL,34119
7079,Apples,9650 Montelanico LOOP 28-204,Apples,FL,34119
7080,Apples,505 5th AVE S 203,Apples,FL,34102
7081,Apples,6262 Union Island WAY ,Apples,FL,34114
7082,Apples,608 16th AVE S ,Apples,FL,34102
7083,Apples,6052 Plana Cays DR ,Apples,FL,34113
7084,Apples,2841 CAPISTRANO WAY ,Apples,FL,34105
7085,Apples,79 Emerald Woods DR J7,Apples,FL,34108
7086,Apples,2638 Trillium WAY ,Apples,FL,34105
7087,Apples,103 Wilderness DR A-101,Apples,FL,34105
7088,Apples,28545 Sicily LOOP ,BONITA SPRINGS,FL,34135
7089,Apples,335 Seabreeze DR ,MARCO ISLAND,FL,34145
7090,Apples,103 Clubhouse DR 153,Apples,FL,34105
7091,Apples,33 Jasper DR 33JR,Apples,FL,34114
7092,Apples,1001 Eastham WAY C-203,Apples,FL,34104
7093,Apples,1829 41st ST 2H,CAPE CORAL,FL,33904
7094,Apples,3029 Olde Cove WAY ,Apples,FL,34119
7095,Apples,700 La Peninsula BLVD 503,Apples,FL,34113
7096,Apples,997 Spyglass LN ,Apples,FL,34102
7097,Apples,530 Lake Louise CIR 2-204,Apples,FL,34110
7098,Apples,1919 Gulf Shore BLVD N 303,Apples,FL,34102
7099,Apples,9834 Giaveno CIR 1741,Apples,FL,34113
7100,Apples,348 Country Club LN ,Apples,FL,34110
7101,Apples,4895 ESPLANADE ST 1,BONITA SPRINGS,FL,34134-3920
7102,Apples,15726 Marcello CIR 169,Apples,FL,34110
7103,Apples,9078 Cascada WAY 101,Apples,FL,34114
7104,Apples,6361 Tidewater Island CIR ,FORT MYERS,FL,33908
7105,Apples,795 Waterside DR ,MARCO ISLAND,FL,34145
7106,Apples,267 Barefoot Beach BLVD 504,BONITA SPRINGS,FL,34134
7107,Apples,3200 Binnacle DR F3,Apples,FL,34103
7108,Apples,1886 Tarpon Bay DR S 1-304,Apples,FL,34119
7109,Apples,238 Audubon BLVD ,Apples,FL,34110
7110,Apples,7716 Winding Cypress DR ,Apples,FL,34114
7111,Apples,1971 Holiday LN ,Apples,FL,34104
7112,Apples,1476 Honeysuckle AVE ,MARCO ISLAND,FL,34145
7113,Apples,7842 Regal Heron CIR 202,Apples,FL,34104
7114,Apples,1260 Rialto WAY 3-201,Apples,FL,34114
7115,Apples,927 Flamingo CIR ,MARCO ISLAND,FL,34145
7116,Apples,5 High Point CIR W 105,Apples,FL,34103
7117,Apples,265 5th AVE S ,Apples,FL,34102
7118,Apples,9 High Point CIR N 203,Apples,FL,34103
7119,Apples,2832 40th AVE SE ,Apples,FL,34117
7120,Apples,9827 Bay Meadow ,ESTERO,FL,34135
7121,Apples,510 Anchor Rode DR ,Apples,FL,34103
7122,Apples,3 Creek CIR ,Apples,FL,34114
7123,Apples,1880 Les Chateaux BLVD 302,Apples,FL,34109
7124,Apples,649 Windsor SQ 102,Apples,FL,34104
7125,Apples,207 Cheetah DR 207,Apples,FL,34114
7126,Apples,4335 24th AVE NE ,Apples,FL,34120
7127,Apples,5 Bluebill AVE 711,Apples,FL,34108
7128,Apples,4343 24th AVE NE ,Apples,FL,34120
7129,Apples,413 Wildwood LN ,Apples,FL,34104
7130,Apples,9594 Firenze CIR ,Apples,FL,34113
7131,Apples,14661 Liesl CT E ,Apples,FL,34109
7132,Apples,890 Collier BLVD 803,MARCO ISLAND,FL,34145
7133,Apples,3530 Fort Charles DR ,Apples,FL,34102
7134,Apples,4481 Broadway AVE W ,ESTERO,FL,33928
7135,Apples,6511 Sable Ridge LN ,Apples,FL,34109
7136,Apples,1148 Foxfire LN ,Apples,FL,34104
7137,Apples,857 Grand Rapids BLVD ,Apples,FL,34120
7138,Apples,8413 Hollow Brook CIR ,Apples,FL,34119
7139,Apples,241 Robin Hood CIR 7-201,Apples,FL,34104
7140,Apples,14550 Red Fox RUN 401,Apples,FL,34110
7141,Apples,4757 Oberon CT ,Apples,FL,34105
7142,Apples,3100 Gulf Shore BLVD N 601,Apples,FL,34103
7143,Apples,2030 Gordon DR ,Apples,FL,34102
7144,Apples,5590 Rattlesnake Hammock RD M-104,Apples,FL,34112
7145,Apples,2600 Marshcreek LN 201,Apples,FL,34119
7146,Apples,809 Amazon CT ,MARCO ISLAND,FL,34145
7147,Apples,10838 Est Cortile CT ,Apples,FL,34110
7148,Apples,1065 Borghese LN 301,Apples,FL,34114
7149,Apples,890 Collier BLVD 305,MARCO ISLAND,FL,34145
7150,Apples,7496 Moorgate Point Way ,Apples,FL,34113
7151,Apples,1320 Riverhead AVE ,MARCO ISLAND,FL,34145
7152,Apples,613 3rd AVE ,CAPE CORAL,FL,33993
7153,Apples,8435 Mallards WAY ,Apples,FL,34114
7154,Apples,511 7th AVE ,CAPE CORAL,FL,33909
7155,Apples,227 7th TER ,CAPE CORAL,FL,33909
7156,Apples,275 Indies WAY 1503,Apples,FL,34110
7157,Apples,18156 Wildblue BLVD ,FORT MYERS,FL,33913
7158,Apples,886 Tanbark DR 202,Apples,FL,34108
7159,Apples,103 Colonade CIR ,Apples,FL,34103
7160,Apples,4053 Seaoats LN ,Apples,Fl,34112-6231
7161,Apples,2739 Tiburon BLVD E 302,Apples,FL,34109
7162,Apples,1100 8th AVE S 124F,Apples,FL,34102
7163,Apples,2016 Isla Vista LN ,Apples,FL,34105
7164,Apples,496 Edgemere WAY E 1-1,Apples,FL,34105
7165,Apples,969 Barcarmil WAY ,Apples,FL,34110
7166,Apples,4951 Bonita Bay BLVD 802,BONITA SPRINGS,FL,34134
7167,Apples,4830 West BLVD ,Apples,FL,34103
7168,Apples,285 Grande WAY 801,Apples,FL,34110
7169,Apples,9380 Gulf Shore DR 105,Apples,FL,34108
7170,Apples,1013 7th AVE ,CAPE CORAL,FL,33909
7171,Apples,327 31st PL ,CAPE CORAL,FL,33991
7172,Apples,4691 Bonita Bay BLVD ,BONITA SPRINGS,FL,34134
7173,Apples,7523 Trento CIR ,Apples,FL,34113
7174,Apples,2243 4th ST ,CAPE CORAL,FL,33991
7175,Apples,1720 3rd TER ,CAPE CORAL,FL,33991
7176,Apples,40 Seagate DR 104,Apples,FL,34103
7177,Apples,2529 5th AVE ,CAPE CORAL,FL,33909
7178,Apples,2526 2nd AVE ,CAPE CORAL,FL,33909
7179,Apples,18292 Lagos WAY ,Apples,FL,34110
7180,Apples,26045 Fawnwood CT ,BONITA SPRINGS,FL,34134
7181,Apples,415 Sea Grove LN 102,Apples,FL,34110
7182,Apples,7590 Blackberry DR ,Apples,FL,34114
7183,Apples,1819 Tomaso AVE ,LEHIGH ACRES,FL,33972
7184,Apples,4551 Gulf Shore BLVD N 905,Apples,FL,34103
7185,Apples,101 8th ST S 203,Apples,FL,34102
7186,Apples,23060 Sanabria LOOP ,BONITA SPRINGS,FL,34135
7187,Apples,4345 27th CT SW 6-104,Apples,FL,34116
7188,Apples,1727 Venezia WAY ,Apples,FL,34105
7189,Apples,518 21st AVE S ,Apples,FL,34102
7190,Apples,9051 Breakwater DR ,Apples,FL,34120
7191,Apples,1367 Artesia DR E 301,Apples,FL,34113
7192,Apples,440 Seaview CT 905,MARCO ISLAND,FL,34145
7193,Apples,890 Collier BLVD 1202,MARCO ISLAND,FL,34145
7194,Apples,4701 Bonita Bay BLVD ,BONITA SPRINGS,FL,34134
7195,Apples,7471 Emilia LN ,Apples,FL,34114
7196,Apples,269 Vintage Bay DR C31,MARCO ISLAND,FL,34145
7197,Apples,5 Bluebill AVE 707,Apples,FL,34108
7198,Apples,629 Palm DR ,GOODLAND,FL,34140
7199,Apples,3911 Randall BLVD ,Apples,FL,34120
7200,Apples,9055 Capistrano ST N 42-6,Apples,FL,34113
7201,Apples,201 Vintage Bay DR B-2,MARCO ISLAND,FL,34145
7202,Apples,17 Bluebill AVE 602,Apples,FL,34108
7203,Apples,260 Seaview CT 1605,MARCO ISLAND,FL,34145
7204,Apples,968 Hingham WAY U-202,Apples,FL,34104
7205,Apples,4851 Bonita Bay BLVD W 601,BONITA SPRINGS,FL,34134
7206,Apples,7702 Gardner DR 103,Apples,FL,34109
7207,Apples,14546 Lieto LN ,BONITA SPRINGS,FL,34135
7208,Apples,10701 Gulf Shore DR 701,Apples,FL,34108
7209,Apples,9242 Troon Lakes DR ,Apples,FL,34109
7210,Apples,2425 7th AVE ,CAPE CORAL,FL,33909
7211,Apples,823 Eisenhower BLVD ,LEHIGH ACRES,FL,33974
7212,Apples,470 Soll ST ,Apples,FL,34109
7213,Apples,2221 7th AVE ,CAPE CORAL,FL,33909
7214,Apples,1901 5th CT ,CAPE CORAL,FL,33909
7215,Apples,1723 6th AVE ,CAPE CORAL,FL,33909
7216,Apples,6040 Pelican Bay BLVD D-301,Apples,FL,34108
7217,Apples,1589 Sand Castle RD ,SANIBEL,FL,33957
7218,Apples,383 Harbour DR 303,Apples,FL,34103
7219,Apples,1345 1st AVE S ,Apples,FL,34102
7220,Apples,7884 Valencia CT ,Apples,FL,34113
7221,Apples,4975 BONITA BEACH RD 401,BONITA SPRINGS,FL,34134-3999
7222,Apples,325 Dunes BLVD PH-6,Apples,FL,34110
7223,Apples,5716 Deauville CIR I-204,Apples,FL,34112
7224,Apples,5097 Beckton RD ,AVE MARIA,FL,34142
7225,Apples,3381 24th AVE NE ,Apples,FL,34120
7226,Apples,7680 Santa Margherita WAY ,Apples,FL,34109
7227,Apples,10372 Quail Crown DR 122-5,Apples,FL,34119
7228,Apples,16378 Barclay CT ,Apples,FL,34110
7229,Apples,1222 Gordon DR 2,Apples,FL,34102
7230,Apples,2659 Bolero DR 11-1,Apples,FL,34109
7231,Apples,10344 Silver Pond LN ,LEHIGH ACRES,FL,33936
7232,Apples,6001 Pelican Bay BLVD 502,Apples,FL,34108
7233,Apples,3961 Gulf Shore BLVD 33,Apples,FL,34103
7234,Apples,27270 Preservation ST ,BONITA SPRINGS,FL,34135
7235,Apples,9080 Chula Vista ST 10404,Apples,FL,34113
7236,Apples,2845 Cypress Trace CIR 203,Apples,FL,34119
7237,Apples,3268 Atlantic CIR ,Apples,FL,34119
7238,Apples,524 Lake Louise CIR 5-503,Apples,FL,34110
7239,Apples,832 Swan DR ,MARCO ISLAND,FL,34145
7240,Apples,260 Seaview CT 1009,MARCO ISLAND,FL,34145
7241,Apples,11612 QUAIL VILLAGE WAY ,Apples,FL,34119-8871
7242,Apples,643 108th AVE N ,Apples,FL,34108
7243,Apples,16362 Corsica WAY 5-101,Apples,FL,34110
7244,Apples,145 Cypress WAY E F,Apples,FL,34110
7245,Apples,9350 Highland Woods BLVD 4102,BONITA SPRINGS,FL,34135
7246,Apples,1510 Clermont DR A-203,Apples,FL,34109
7247,Apples,16362 Corsica WAY 5-201,Apples,FL,34110
7248,Apples,7128 Dominica DR ,Apples,FL,34113
7249,Apples,384 Rookery CT ,MARCO ISLAND,FL,34145
7250,Apples,4851 Bonita Bay BLVD W 1101,BONITA SPRINGS,FL,34134
7251,Apples,8787 Bay Colony DR 1503,Apples,FL,34108
7252,Apples,9249 Campanile CIR ,Apples,FL,34114
7253,Apples,2838 Tiburon BLVD E 102,Apples,FL,34109
7254,Apples,9250 Triana TER 202,FORT MYERS,FL,33912
7255,Apples,4851 Bonita Bay BLVD 702,BONITA SPRINGS,FL,34134
7256,Apples,3042 DRIFTWOOD WAY 4804,Apples,FL,34109
7257,Apples,11116 Gulf Shore DR B-802,Apples,FL,34108
7258,Apples,8075 Tiger CV 1707,Apples,FL,34113
7259,Apples,9516 Via Lago WAY ,FORT MYERS,FL,33912
7260,Apples,145 Clyburn WAY E E-6,MARCO ISLAND,FL,34145
7261,Apples,15000 Spanish Point DR ,PORT CHARLOTTE,FL,33981
7262,Apples,823 10th ST ,CAPE CORAL,FL,33991
7263,Apples,3098 Birchin LN ,FORT MYERS,FL,33916
7264,Apples,15097 Ligustrum LN ,ALVA,FL,33920
7265,Apples,3271 Birch Tree LN ,ALVA,FL,33920
7266,Apples,4450 Botanical Place CIR 306,Apples,FL,34112
7267,Apples,1190 Egrets Walk CIR 103,Apples,FL,34108
7268,Apples,1150 Yesica Ann CIR 203,Apples,FL,34110
7269,Apples,2385 Terra Verde LN 2385,Apples,FL,34105
7270,Apples,128 Granville CT ,Apples,FL,34104
7271,Apples,4182 Bay Beach LN 743,FORT MYERS BEACH,FL,33931
7272,Apples,1774 Ivy Pointe CT ,Apples,FL,34109
7273,Apples,3300 Gulf Shore BLVD N 107,Apples,FL,34103
7274,Apples,3835 27th AVE NE ,Apples,FL,34120
7275,Apples,2679 27th AVE NE ,Apples,FL,34120
7276,Apples,1025 Trail Terrace DR ,Apples,FL,34103
7277,Apples,701 97th AVE N ,Apples,FL,34108
7278,Apples,10251 Maddox LN 423,BONITA SPRINGS,FL,34135
7279,Apples,5777 Mayflower WAY ,AVE MARIA,FL,34142
7280,Apples,9234 Campanile CIR 202,Apples,FL,34114
7281,Apples,14579 Topsail DR ,Apples,FL,34114
7282,Apples,562 Eagle Creek DR ,Apples,FL,34113
7283,Apples,20691 Torre Del Lago ST ,ESTERO,FL,33928
7284,Apples,11659 Forest Mere DR ,BONITA SPRINGS,FL,34135
7285,Apples,60 Pelican ST W 408,Apples,FL,34113
7286,Apples,5 Amethyst AVE 5-A,Apples,FL,34114
7287,Apples,28561 Calabria CT 101,Apples,FL,34110
7288,Apples,2407 Heydon CIR E ,Apples,FL,34120
7289,Apples,2903 Tiburon BLVD E ,Apples,FL,34109
7290,Apples,8171 Bay Colony DR 1602,Apples,FL,34108
7291,Apples,5165 Starfish AVE ,Apples,FL,34103
7292,Apples,4218 4th AVE NE ,Apples,FL,34120
7293,Apples,17 Bluebill AVE 1001,Apples,FL,34108
7294,Apples,3921 Kens WAY 2205,BONITA SPRINGS,FL,34134
7295,Apples,15330 Cedarwood LN 5-203,Apples,FL,34110
7296,Apples,102 Tall Pine LN 3106,Apples,FL,34105
7297,Apples,13675 Vanderbilt DR 406,Apples,FL,34110
7298,Apples,5509 Black Pug DR ,FORT MYERS,FL,33908
7299,Apples,15406 Queen Angel WAY ,BONITA SPRINGS,FL,34135
7300,Apples,311 Bears Paw Trail 311,Apples,FL,34105
7301,Apples,844 8th ST S ,Apples,FL,34102
7302,Apples,7820 Veronawalk BLVD ,Apples,FL,34114
7303,Apples,970 Cape Marco DR 1106,MARCO ISLAND,FL,34145
7304,Apples,1835 Florida Club CIR 3305,Apples,FL,34112
7305,Apples,7166 Dominica DR ,Apples,FL,34113
7306,Apples,401 Bayfront PL 3303,Apples,FL,34102
7307,Apples,6423 HIGHCROFT DR ,Apples,FL,34119
7308,Apples,1836 Avian CT A-84,Apples,FL,34119
7309,Apples,7360 Glenmoor LN 4305,Apples,FL,34104
7310,Apples,592 Avellino Isles CIR 21302,Apples,FL,34119
7311,Apples,3080 22nd AVE NE ,Apples,FL,34120
7312,Apples,20096 Markward CRCS ,ESTERO,FL,33928
7313,Apples,260 Barefoot Beach BLVD 203,BONITA SPRINGS,FL,34134
7314,Apples,3044 22nd AVE NE ,Apples,FL,34120
7315,Apples,7945 Guadiana WAY ,AVE MARIA,FL,34142
7316,Apples,1555 Curlew AVE 3,Apples,FL,34102
7317,Apples,1555 Curlew AVE 4,Apples,FL,34102
7318,Apples,7755 Cypress Walk DR ,FORT MYERS,FL,33966
7319,Apples,1876 Seville BLVD 1512,Apples,FL,34109
7320,Apples,580 El Camino Real 3802,Apples,FL,34119
7321,Apples,21263 Estero Vista CT ,ESTERO,FL,33928
7322,Apples,3971 Gulf Shore BLVD N 1103,Apples,FL,34103
7323,Apples,4001 Gulf Shore BLVD N 1006,Apples,FL,34103
7324,Apples,2364 Terra Verde LN 2364,Apples,FL,34105
7325,Apples,16634 Isola Bella LN ,Apples,FL,34110
7326,Apples,11669 Bald Eagle WAY ,Apples,FL,34120
7327,Apples,1087 Forest Lakes DR 1-107,Apples,FL,34105
7328,Apples,740 Collier BLVD 2-401,MARCO ISLAND,FL,34145
7329,Apples,6932 Burnt Sienna CIR ,Apples,FL,34109
7330,Apples,280 Collier BLVD 2001,MARCO ISLAND,FL,34145
7331,Apples,283 8th AVE S 283,Apples,FL,34102
7332,Apples,3443 Gulf Shore BLVD N 313,Apples,FL,34103
7333,Apples,4501 Gulf Shore BLVD N 1403,Apples,FL,34103
7334,Apples,798 Eagle Creek DR 104,Apples,FL,34113
7335,Apples,1060 Borghese LN 1104,Apples,FL,34114
7336,Apples,440 Seaview CT 1008,MARCO ISLAND,FL,34145
7337,Apples,410 Bayfront PL 2403,Apples,FL,34102
7338,Apples,4806 Europa DR ,Apples,FL,34105
7339,Apples,9032 Alturas ST 3503,Apples,FL,34113
7340,Apples,326 Angler DR 601,GOODLAND,FL,34140
7341,Apples,960 7th ST S 104,Apples,FL,34102
7342,Apples,3060 Woodside AVE ,Apples,FL,34112
7343,Apples,100 Collier BLVD 606,MARCO ISLAND,FL,34145
7344,Apples,179 7th AVE S ,Apples,FL,34102
7345,Apples,4000 Gulf Shore BLVD N 1100,Apples,FL,34103
7346,Apples,3465 Grand Cypress DR 201,Apples,FL,34119
7347,Apples,4588 Andover WAY A-102,Apples,FL,34112
7348,Apples,3265 Ibiza LN ,Apples,FL,34114
7349,Apples,9723 Acqua CT 311,Apples,FL,34113
7350,Apples,332 Carlton PL 22,Apples,FL,34108
7351,Apples,8200 Twelve Oaks CIR 416,Apples,FL,34113
7352,Apples,3224 Cotuit LN ,Apples,FL,34114
7353,Apples,3795 Treasure Cove CIR ,Apples,FL,34114
7354,Apples,9115 Strada PL 5501,Apples,FL,34108
7355,Apples,674 Lambton LN ,Apples,FL,34104
7356,Apples,3680 4th AVE SE ,Apples,FL,34117
7357,Apples,6445 Pembroke WAY ,Apples,FL,34113
7358,Apples,2800 Leeward LN ,Apples,FL,34103
7359,Apples,7436 Plumbago Bridge RD 204,Apples,FL,34109
7360,Apples,1421 Desoto BLVD S ,Apples,FL,34117
7361,Apples,470 Bermuda Cove WAY 2-303,Apples,FL,34110
7362,Apples,3443 Gulf Shore BLVD N 209,Apples,FL,34103
7363,Apples,4151 Gulf Shore BLVD N 601,Apples,FL,34103
7364,Apples,1335 1st AVE S ,Apples,FL,34102
7365,Apples,26103 Grand Prix DR ,BONITA SPRINGS,FL,34135
7366,Apples,4620 Winged Foot CT 202,Apples,FL,34112
7367,Apples,1432 2nd AVE S ,Apples,FL,34102
7368,Apples,28400 Altessa WAY 103,BONITA SPRINGS,FL,34135
7369,Apples,3450 Wellfleet LN ,Apples,FL,34114
7370,Apples,20138 Seadale CT ,ESTERO,FL,33928
7371,Apples,4025 Mindi AVE ,Apples,FL,34112
7372,Apples,206 Bennington DR 1-5,Apples,FL,34104
7373,Apples,6068 Diamonte PL ,AVE MARIA,FL,34142
7374,Apples,11536 Amalfi WAY ,ESTERO,FL,33928
7375,Apples,6043 Diamonte PL ,AVE MARIA,FL,34142
7376,Apples,731 Pine Crest LN ,Apples,FL,34104
7377,Apples,4461 Aurora ST ,Apples,FL,34119
7378,Apples,14571 Edgewater CIR ,Apples,FL,34114
7379,Apples,14575 Edgewater CIR ,Apples,FL,34114
7380,Apples,14595 Edgewater CIR ,Apples,FL,34114
7381,Apples,5997 Berwick LN ,AVE MARIA,FL,34142
7382,Apples,8756 Bellano CT 104,Apples,FL,34119
7383,Apples,14599 Edgewater CIR ,Apples,FL,34114
7384,Apples,4125 Brynwood DR ,Apples,FL,34119
7385,Apples,14603 Edgewater CIR ,Apples,FL,34114
7386,Apples,14607 Edgewater CIR ,Apples,FL,34114
7387,Apples,6070 National BLVD 211,AVE MARIA,FL,34142
7388,Apples,6058 National BLVD 321,AVE MARIA,FL,34142
7389,Apples,6058 National BLVD 324,AVE MARIA,FL,34142
7390,Apples,6058 National BLVD 312,AVE MARIA,FL,34142
7391,Apples,5705 heron LN 802,Apples,FL,34110
7392,Apples,8691 Purslane DR ,Apples,FL,34109
7393,Apples,222 Harbour DR 308,Apples,FL,34103
7394,Apples,1141 Swallow AVE 4-201,MARCO ISLAND,FL,34145
7395,Apples,4251 Gulf Shore BLVD N 16B,Apples,FL,34103
7396,Apples,385 7th ST SW ,Apples,FL,34117
7397,Apples,4501 Gulf Shore BLVD N 605,Apples,FL,34103
7398,Apples,2543 22nd AVE NE ,Apples,FL,34120
7399,Apples,4352 24th AVE NE ,Apples,FL,34120
7400,Apples,3426 Tigris LN ,Apples,FL,34119
7401,Apples,7005 Kiwi PL ,Apples,FL,34113
7402,Apples,16560 Goldenrod LN 102,ALVA,FL,33920
7403,Apples,1012 Coconut CIR W ,Apples,FL,34104
7404,Apples,3552 18 th AVE SE ,Apples,FL,34117
7405,Apples,4895 Bonita Beach RD 505,BONITA SPRINGS,FL,34134
7406,Apples,2811 Aintree LN E201,Apples,FL,34112
7407,Apples,12079 Wicklow LN ,Apples,FL,34120
7408,Apples,28359 Nautica LN ,BONITA SPRINGS,FL,34135
7409,Apples,15070 Oak Tree DR ,Apples,FL,34114
7410,Apples,3016 Linwood AVE ,Apples,FL,34112
7411,Apples,2865 Cypress Trace CIR 7-204,Apples,FL,34119
7412,Apples,4800 Pelican Colony BLVD 2004,BONITA SPRINGS,FL,34134
7413,Apples,865 Tanbark DR 104,Apples,FL,34108
7414,Apples,6389 LEGACY CIR 2202,Apples,FL,34113
7415,Apples,11118 Gulf Shore DR A-301,Apples,FL,34108
7416,Apples,940 CAPE MARCO DR 404,MARCO ISLAND,FL,34145
7417,Apples,5600 Bonita Beach RD 407,BONITA SPRINGS,FL,34134
7418,Apples,79 Burnt Pine DR ,Apples,FL,34119
7419,Apples,6815 Old Banyan WAY ,Apples,FL,34109
7420,Apples,6541 Dominica DR 101,Apples,FL,34113
7421,Apples,19815 Maddelena CIR ,ESTERO,FL,33967
7422,Apples,20139 Seadale CT ,ESTERO,FL,33928
7423,Apples,6650 Ilex CIR 6-D,Apples,FL,34109
7424,Apples,4604 Chippendale DR ,Apples,FL,34112
7425,Apples,7824 Valencia CT ,Apples,FL,34113
7426,Apples,9760 Treasure Cay LN ,BONITA SPRINGS,FL,34135
7427,Apples,7673 Colonial CT ,Apples,FL,34112
7428,Apples,4411 Pine Ridge RD ,Apples,FL,34119
7429,Apples,990 Peggy CIR 401,Apples,FL,34113
7430,Apples,3642 32nd AVE SE ,Apples,FL,34117
7431,Apples,12237 TOSCANA WAY 102,BONITA SPRINGS,FL,34135-9254
7432,Apples,1069 Bald Eagle DR 1002,MARCO ISLAND,FL,34145
7433,Apples,6585 Nicholas BLVD 305,Apples,FL,34108
7434,Apples,1715 Sarazen PL ,Apples,FL,34120
7435,Apples,4734 Stratford CT 1702,Apples,FL,34105
7436,Apples,4590 Luminary AVE ,Apples,FL,34119
7437,Apples,3280 15th AVE SW ,Apples,FL,34117
7438,Apples,4401 Gulf Shore BLVD N E-508,Apples,FL,34103
7439,Apples,6000 Pelican Bay BLVD C-402,Apples,FL,34108
7440,Apples,3561 24th AVE NE ,Apples,FL,34120
7441,Apples,14187 Charthouse CT ,Apples,FL,34114
7442,Apples,4141 Bay Beach LN 486,FORT MYERS BEACH,FL,33931
7443,Apples,4183 Bay Beach LN 362,FORT MYERS BEACH,FL,33931
7444,Apples,5441 27th AVE SW ,Apples,FL,34116
7445,Apples,16023 Liguria PL ,BONITA SPRINGS,FL,34135
7446,Apples,14816 Canton CT ,Apples,FL,34114
7447,Apples,499 Adirondack CT ,MARCO ISLAND,FL,34145
7448,Apples,643 14th AVE S ,Apples,FL,34102
7449,Apples,7282 Lantana CIR ,Apples,FL,34119
7450,Apples,5550 Heron Point DR 604,Apples,FL,34108
7451,Apples,2760 Tiburon BLVD E 2-301,Apples,FL,34109
7452,Apples,3865 29th AVE NE ,Apples,FL,34120
7453,Apples,3401 Gulf Shore BLVD N 205,Apples,FL,34103
7454,Apples,600 Riviera DR ,Apples,FL,34103
7455,Apples,3100 Seasons WAY 103,ESTERO,FL,33928
7456,Apples,43 Marco Villas DR K-5,MARCO ISLAND,FL,34145
7457,Apples,7715 Mulberry LN ,Apples,FL,34114
7458,Apples,13 Watercolor WAY 13,Apples,FL,34113
7459,Apples,9521 Ironstone TER 202,Apples,FL,34120
7460,Apples,1840 Florida Club CIR 5107,Apples,FL,34112
7461,Apples,2929 66th AVE NE ,Apples,FL,34120
7462,Apples,7142 Barnsbury LN N ,Apples,FL,34109
7463,Apples,10701 Gulf Shore DR 1502,Apples,FL,34108
7464,Apples,10210 Heritage Bay BLVD 212,Apples,FL,34120
7465,Apples,707 Tarpon Cove DR ,Apples,FL,34110
7466,Apples,1017 Silver Lakes BLVD ,Apples,FL,34114
7467,Apples,8025 Tiger CV 3-302,Apples,FL,34113
7468,Apples,575 Yucca RD ,Apples,FL,34102
7469,Apples,14547 Edgewater CIR ,Apples,FL,34114
7470,Apples,2215 Dancy ST ,Apples,FL,34120
7471,Apples,14555 Edgewater CIR ,Apples,FL,34114
7472,Apples,14551 Edgewater CIR ,Apples,FL,34114
7473,Apples,14559 Edgewater CIR ,Apples,FL,34114
7474,Apples,2200 Dancy ST ,Apples,FL,34120
7475,Apples,16337 Corsica WAY ,Apples,FL,34110
7476,Apples,2211 Dancy ST ,Apples,FL,34120
7477,Apples,163 Audubon BLVD ,Apples,FL,34110
7478,Apples,1830 Les Chateaux BLVD 101,Apples,Fl,34109
7479,Apples,720 Ashburton DR ,Apples,FL,34110
7480,Apples,559 Beachwalk CIR U-201,Apples,FL,34108
7481,Apples,26994 Wildwood Pines LN ,BONITA SPRINGS,FL,34135
7482,Apples,4039 East Hampton CIR ,ALVA,FL,33920
7483,Apples,4041 East Hampton CIR ,ALVA,FL,33920
7484,Apples,4037 East Hampton CIR ,ALVA,FL,33920
7485,Apples,4021 East Hampton CIR ,ALVA,FL,33920
7486,Apples,3300 Binnacle DR 213,Apples,FL,34103
7487,Apples,13491 Brown Bear RUN ,ESTERO,FL,33928
7488,Apples,9311 Vittoria CT ,FORT MYERS,FL,33912
7489,Apples,10868 Glenhurst ST ,FORT MYERS,FL,33913
7490,Apples,13710 Callisto AVE ,Apples,FL,34109
7491,Apples,161 Bahama AVE ,MARCO ISLAND,FL,34145
7492,Apples,5250 Kensington High ST ,Apples,FL,34105
7493,Apples,205 Colonade CIR 1702,Apples,FL,34103
7494,Apples,4251 Gulf Shore BLVD N 15B,Apples,FL,34103
7495,Apples,3209 Quilcene LN ,Apples,FL,34114
7496,Apples,1217 Imperial DR ,Apples,FL,34110
7497,Apples,788 Park Shore DR G11,Apples,FL,34103
7498,Apples,4446 24th AVE NE ,Apples,FL,34120
7499,Apples,195 Panther Pass CIR 195,Apples,FL,34114
7500,Apples,3187 Quilcene LN ,Apples,FL,34114
7501,Apples,1200 Diana AVE ,Apples,FL,34103
7502,Apples,245 Waterside CIR 6-202,MARCO ISLAND,FL,34145
7503,Apples,3426 Runaway CT ,Apples,FL,34114
7504,Apples,8161 Twelve Oaks CIR 512,Apples,FL,34113
7505,Apples,1363 Merrimac AVE ,MARCO ISLAND,FL,34145
7506,Apples,3146 Aviamar CIR 201,Apples,FL,34114
7507,Apples,3725 Montreux LN 102,Apples,FL,34114
7508,Apples,1065 Borghese LN 904,Apples,FL,34114
7509,Apples,6442 Legacy CIR 202,Apples,FL,34113
7510,Apples,25 Bluebill AVE A-605,Apples,FL,34108
7511,Apples,667 5TH ST NW ,Apples,FL,34120
7512,Apples,18157 Baywood DR ,Apples,FL,34114
7513,Apples,8767 Querce CT ,Apples,FL,34114
7514,Apples,214 Waterway CT 3-202,MARCO ISLAND,FL,34145
7515,Apples,3978 BISHOPWOOD CT W 101,Apples,FL,34114
7516,Apples,671 41st AVE NW ,Apples,FL,34120
7517,Apples,8379 Ibis Cove CIR ,Apples,FL,34119
7518,Apples,671 13th AVE S ,Apples,FL,34102
7519,Apples,10295 Heritage Bay BLVD 922,Apples,FL,34120
7520,Apples,5975 Bloomfield CIR 106,Apples,FL,34112
7521,Apples,161 Barefoot CIR 46,BONITA SPRINGS,FL,34134
7522,Apples,2140 Harlans RUN ,Apples,FL,34105
7523,Apples,2163 San Marco RD 1-102,MARCO ISLAND,FL,34145
7524,Apples,7360 Estero BLVD 302,FORT MYERS BEACH,FL,33931
7525,Apples,4021 Gulf Shore BLVD N 1203,Apples,FL,34103
7526,Apples,23210 Avenue B ,ALVA,FL,33920
7527,Apples,13080 Amberley CT 1008,BONITA SPRINGS,FL,34135
7528,Apples,455 Cove Tower DR 304,Apples,FL,34110
7529,Apples,1210 Shady Rest LN ,Apples,FL,34103
7530,Apples,901 Huron CT A4,MARCO ISLAND,FL,34145
7531,Apples,381 Leawood CIR ,Apples,FL,34104
7532,Apples,425 Cypress WAY E ,Apples,FL,34110
7533,Apples,9684 Montelanico LOOP 204,Apples,FL,34119
7534,Apples,8525 Danbury BLVD 205,Apples,FL,34120
7535,Apples,1026 spyglass LN ,Apples,fl,34102
7536,Apples,5048 Castlerock WAY ,Apples,FL,34112
7537,Apples,5051 Pelican Colony BLVD 502,BONITA SPRINGS,FL,34134
7538,Apples,12948 Pembroke DR ,Apples,FL,34105
7539,Apples,2952 Lone Pine LN ,Apples,FL,34119
7540,Apples,3220 Crown Pointe BLVD ,Apples,FL,34112
7541,Apples,26861 Sammoset WAY ,BONITA SPRINGS,FL,34135
7542,Apples,51 Glades BLVD 3,Apples,FL,34112
7543,Apples,14928 Sterling Oaks DR ,Apples,FL,34110
7544,Apples,4149 Amelia WAY ,Apples,FL,34119
7545,Apples,1 Bluebill AVE 803,Apples,FL,34108
7546,Apples,9663 Lipari CT ,Apples,FL,34113
7547,Apples,3115 Gulf Shore BLVD N 301S,Apples,FL,34103
7548,Apples,17815 Little Torch ,FORT MYERS,FL,33908
7549,Apples,12952 Pembroke DR ,Apples,FL,34105
7550,Apples,12956 Pembroke DR ,Apples,FL,34105
7551,Apples,13009 Pembroke DR ,Apples,FL,34105
7552,Apples,100 Collier BLVD 807,MARCO ISLAND,FL,34145
7553,Apples,1202 Edington PL B303,MARCO ISLAND,FL,34145
7554,Apples,7614 Cypress Walk DR ,FORT MYERS,FL,33966
7555,Apples,3259 Tavolara LN ,Apples,FL,34114
7556,Apples,12866 Carrington CIR 102,Apples,FL,34105
7557,Apples,4650 Yacht Harbor DR 112,Apples,FL,34112
7558,Apples,785 Carrick Bend CIR 102,Apples,FL,34110
7559,Apples,15935 Leaning Pine LN ,Babcock Ranch,FL,33982
7560,Apples,15984 Leaning Pine LN ,Babcock Ranch,FL,33982
7561,Apples,16000 Leaning Pine LN ,Babcock Ranch,FL,33982
7562,Apples,15944 Leaning Pine LN ,Babcock Ranch,FL,33982
7563,Apples,7700 Classics DR ,Apples,FL,34113
7564,Apples,15992 Leaning Pine LN ,Babcock Ranch,FL,3305
7565,Apples,40 Seagate DR 603,Apples,FL,34103-2472
7566,Apples,9115 Capistrano ST S 8207,Apples,FL,34113
7567,Apples,2168 Southwinds DR ,Apples,FL,34102
7568,Apples,8960 Bay Colony DR 204,Apples,FL,34108
7569,Apples,320 Seaview CT 1408,MARCO ISLAND,FL,34145
7570,Apples,8787 Bay Colony DR 1806,Apples,FL,34108
7571,Apples,5040 Cedar Springs DR 101,Apples,FL,34110
7572,Apples,2790 Ardisia LN ,Apples,FL,34109
7573,Apples,9041 Terranova DR ,Apples,FL,34109
7574,Apples,5420 Peppertree DR ,FORT MYERS,FL,33908
7575,Apples,285 Naples Cove DR 1605,Apples,FL,34110
7576,Apples,6558 Monterey PT ,Apples,FL,34105
7577,Apples,1963 Imperial Golf Course BLVD ,Apples,FL,34110
7578,Apples,1030 3rd AVE S 310,Apples,FL,34102
7579,Apples,4454 33rd AVE NE ,Apples,FL,34120
7580,Apples,8117 Xenia LN ,Apples,FL,34114
7581,Apples,2104 Par DR ,Apples,FL,34120
7582,Apples,16982 Cortile DR ,Apples,FL,34110
7583,Apples,2523 4th ST NW ,Apples,FL,34120
7584,Apples,8000 Via Sardinia WAY 5104,ESTERO,FL,33928
7585,Apples,1065 Forest Lakes DR 4-B,Apples,FL,34105
7586,Apples,28376 Verde LN ,BONITA SPRINGS,FL,34135
7587,Apples,36 Madagascar CT ,MARCO ISLAND,FL,34145
7588,Apples,9462 Greenleigh CT ,Apples,FL,34120
7589,Apples,3830 Sawgrass WAY 2931,Apples,FL,34112
7590,Apples,2439 Breakwater WAY 9201,Apples,FL,34112
7591,Apples,8281 Gleneagle WAY ,Apples,FL,34120
7592,Apples,950 7th AVE S 16,Apples,FL,34102
7593,Apples,9301 Triana TER 104,FORT MYERS,FL,33912
7594,Apples,741 Collier BLVD 210,MARCO ISLAND,FL,34145
7595,Apples,774 Wiggins Bay DR 17R,Apples,FL,34110
7596,Apples,14928 Toscana WAY ,Apples,FL,34120
7597,Apples,2717 Citrus ST ,Apples,fl,34120
7598,Apples,58 Collier BLVD 804,MARCO ISLAND,FL,34145
7599,Apples,3245 Cullowee LN ,Apples,FL,34114
7600,Apples,810 97th AVE N ,Apples,FL,34108
7601,Apples,15114 Palmer Lake CIR 103,Apples,FL,34109
7602,Apples,4555 Luminary AVE ,Apples,FL,34119
7603,Apples,1208 Edington PL E404,MARCO ISLAND,FL,34145
7604,Apples,988 Egrets RUN 8-202,Apples,FL,34108
7605,Apples,3275 Gin LN ,Apples,FL,34102
7606,Apples,7720 Cottesmore DR ,Apples,FL,34113
7607,Apples,741 Kendall DR ,MARCO ISLAND,FL,34145
7608,Apples,10089 MAGNOLIA BEND ,ESTERO,FL,34135
7609,Apples,2890 Cinnamon Bay CIR ,Apples,FL,34119
7610,Apples,9235 Veneto PL 30AB,Apples,FL,34113
7611,Apples,10309 Livorno DR ,FORT MYERS,FL,33913
7612,Apples,874 Tanbark DR 201,Apples,FL,34108
7613,Apples,13030 Amberley CT 402,BONITA SPRINGS,FL,34135
7614,Apples,15242 Cortona WAY ,Apples,FL,34120
7615,Apples,741 Collier BLVD 309,MARCO ISLAND,FL,34145
7616,Apples,3563 62nd AVE NE ,Apples,Fl,34114
7617,Apples,2510 62nd AVE NE ,Apples,Fl,34120
7618,Apples,3996 Bishopwood CT E 201,Apples,FL,34114
7619,Apples,16336 Corsica WAY 10-202,Apples,FL,34110
7620,Apples,16328 Corsica WAY 11-201,Apples,FL,34110
7621,Apples,60 Seagate DR 305,Apples,FL,34103
7622,Apples,6525 Valen WAY D-303,Apples,FL,34108
7623,Apples,7191 Wilton DR ,Apples,FL,34109
7624,Apples,6001 Pelican Bay BLVD 303,Apples,FL,34108
7625,Apples,9220 Isla Bella CIR ,BONITA SPRINGS,FL,34135
7626,Apples,3145 Capistrano LN ,Apples,FL,34114
7627,Apples,2162 Antigua LN ,Apples,FL,34120
7628,Apples,4220 Crayton RD ,Apples,FL,34103
7629,Apples,83 Moorhead MNR 83,Apples,FL,34112
7630,Apples,4445 Tamarind WAY ,Apples,FL,34119
7631,Apples,1036 Egrets Walk CIR 104,Apples,FL,34108
7632,Apples,145 Ridge DR ,Apples,FL,34108
7633,Apples,9151 Delano ST 9701,Apples,FL,34113
7634,Apples,14109 Lavante CT ,BONITA SPRINGS,FL,34135
7635,Apples,3185 Capistrano LN ,Apples,FL,34114
7636,Apples,1680 Dolphin CT ,Apples,FL,34102
7637,Apples,212 Albi RD 2434,Apples,FL,34112
7638,Apples,1100 Collier BLVD 1221,MARCO ISLAND,FL,34145
7639,Apples,275 Indies WAY 503,Apples,FL,34110
7640,Apples,380 Seaview CT 1802,MARCO ISLAND,FL,34145
7641,Apples,840 Collier BLVD 206,MARCO ISLAND,FL,34145
7642,Apples,140 Pago Pago DR W ,Apples,FL,34113
7643,Apples,12652 Kinross LN ,Apples,FL,34120
7644,Apples,1230 Sweetwater LN 2204,Apples,FL,34110
7645,Apples,3738 1st AVE NW ,Apples,FL,34120
7646,Apples,26468 Hickory BLVD ,BONITA SPRINGS,FL,34134
7647,Apples,25810 HICKORY BLVD E-403,BONITA SPRINGS,FL,34134-3635
7648,Apples,7486 Martinique TER ,Apples,FL,34113
7649,Apples,11766 Quail Village WAY 14,Apples,FL,34119
7650,Apples,4005 Gulf Shore BLVD N 103,Apples,FL,34103
7651,Apples,12220 Toscana WAY 203,BONITA SPRINGS,FL,34135
7652,Apples,9580 Victoria LN A-201,Apples,FL,34109
7653,Apples,13675 Vanderbilt DR 705,Apples,FL,34110
7654,Apples,5348 Treetops DR I-D-1,Apples,FL,34113
7655,Apples,2173 Pinewoods CIR 5,Apples,FL,34105
7656,Apples,440 Seaview CT 1805,MARCO ISLAND,FL,34145
7657,Apples,542 Avellino Isles CIR 301,Apples,FL,34119
7658,Apples,4951 Shaker Heights CT #201,Apples,FL,34112
7659,Apples,1801 Corona Del Sire DR ,NORTH FORT MYERS,FL,33917
7660,Apples,670 Lalique CIR 104,Apples,FL,34119
7661,Apples,15251 Medici WAY ,Apples,FL,34110
7662,Apples,812 Buttonbush LN ,Apples,FL,34108
7663,Apples,511 Sand Hill CT ,MARCO ISLAND,FL,34145
7664,Apples,19700 Maddelena CIR ,ESTERO,FL,33967
7665,Apples,4188 Siderno CT ,Apples,FL,34119
7666,Apples,14684 Tropical DR ,Apples,FL,34114
7667,Apples,8665 Bay Colony DR 204,Apples,FL,34108
7668,Apples,1106 9th AVE N ,Apples,FL,34102
7669,Apples,10337 Heritage Bay BLVD 1814,Apples,FL,34120
7670,Apples,4680 Winged Foot CT 103,Apples,FL,34112
7671,Apples,6897 Grenadier BLVD 302,Apples,Fl,34108
7672,Apples,2915 Tiburon BLVD E ,Apples,FL,34109
7673,Apples,25850 Hickory BLVD 107,BONITA SPRINGS,FL,34134
7674,Apples,215 Flamingo ST ,FORT MYERS BEACH,FL,33931
7675,Apples,8988 Cambria CIR 17-3,Apples,FL,34113
7676,Apples,15548 Monterosso LN 202,Apples,FL,34110
7677,Apples,4001 Gulf Shore BLVD N 405,Apples,FL,34103
7678,Apples,8116 Josefa WAY ,Apples,FL,34114
7679,Apples,2987 Regatta RD ,Apples,FL,34103
7680,Apples,7587 Novara CT ,Apples,FL,34114
7681,Apples,9226 Veneto PL 32,Apples,FL,34113
7682,Apples,573 Saint Andrews BLVD 120-1,Apples,FL,34113
7683,Apples,905 Augusta BLVD 905-7,Apples,FL,34113
7684,Apples,13105 Vanderbilt DR 808,Apples,FL,34110
7685,Apples,18920 Knoll Landing DR ,FORT MYERS,FL,33908
7686,Apples,13675 Vanderbilt DR I-809,Apples,FL,34110
7687,Apples,3941 KENS WAY 1304,BONITA SPRINGS,FL,34134
7688,Apples,2748 Tiburon BLVD E C-102,Apples,FL,34109
7689,Apples,4543 San Antonio LN ,BONITA SPRINGS,FL,34134
7690,Apples,229 Dent DR ,Apples,FL,34112
7691,Apples,4951 Gulf Shore BLVD N 1701,Apples,FL,34103
7692,Apples,601 Augusta BLVD 5,Apples,FL,34113
7693,Apples,3443 Gulf Shore BLVD N 507,Apples,FL,34103
7694,Apples,143 April Sound DR ,Apples,FL,34119
7695,Apples,4530 Gulf Shore BLVD N 2-152,Apples,FL,34103
7696,Apples,16521 Cellini LN ,Apples,FL,34110
7697,Apples,236 VIA PERIGNON 2,Apples,FL,34119-4734
7698,Apples,45 Anchor CT ,MARCO ISLAND,FL,34145
7699,Apples,565 El Camino Real 7-102,Apples,FL,34119
7700,Apples,7827 Regal Heron CIR 201,Apples,FL,34104
7701,Apples,4975 Kingston WAY ,Apples,FL,34119
7702,Apples,3625 Boca Ciega DR 214,Apples,FL,34112
7703,Apples,7061 Venice WAY 3205,Apples,FL,34119
7704,Apples,4979 Shaker Heights CT #201,Apples,FL,34112
7705,Apples,4315 Bellasol CIR 2822,FORT MYERS,FL,33916
7706,Apples,7715 Tommasi CT ,Apples,FL,34114
7707,Apples,150 Colonade CIR ,Apples,FL,34103
7708,Apples,8620 El Mirasol CT ,ESTERO,FL,33967
7709,Apples,15093 Cortona WAY ,Apples,FL,34120
7710,Apples,4185 Lakewood BLVD E-12,Apples,FL,34112
7711,Apples,11551 Venetian Lagoon DR ,FORT MYERS,FL,33913
7712,Apples,457 Country Hollow CT A101,Apples,FL,34104
7713,Apples,584 Banyan BLVD ,Apples,FL,34102
7714,Apples,13665 Vanderbilt DR 603,Apples,FL,34110
7715,Apples,3604 30th ST SW ,LEHIGH ACRES,FL,33976
7716,Apples,6551 GOOD LIFE ST ,FORT MYERS,FL,33966
7717,Apples,17566 Boat Club DR ,FORT MYERS,FL,33908
7718,Apples,4607 ARBORETUM CIR 102,Apples,FL,34112
7719,Apples,4201 Sally AVE S ,LEHIGH ACRES,FL,33976
7720,Apples,4601 ARBORETUM CIR 203,Apples,FL,34112
7721,Apples,3163 Serena LN 101,Apples,FL,34114
7722,Apples,6849 Grenadier BLVD 1103,Apples,FL,34108
7723,Apples,2885 Gulf Shore BLVD N 702,Apples,FL,34103
7724,Apples,1030 3rd AVE S 515,Apples,FL,34102
7725,Apples,1035 3rd AVE S 317,Apples,FL,34102
7726,Apples,8051 Wilfredo CT ,Apples,FL,34114
7727,Apples,58 Collier BLVD 514,MARCO ISLAND,FL,34145
7728,Apples,7320 Coventry CT 717,Apples,FL,34104
7729,Apples,940 17th AVE S ,Apples,FL,34102
7730,Apples,540 Putter Point PL ,Apples,FL,34103
7731,Apples,13060 Amberley CT 810,BONITA SPRINGS,FL,34135
7732,Apples,260 Seaview CT 1503,MARCO ISLAND,FL,34145
7733,Apples,7876 Hawthorne DR 1201,Apples,FL,34113
7734,Apples,6 Las Brisas WAY 7,Apples,FL,34108
7735,Apples,9400 Gulf Shore DR 2,Apples,FL,34108
7736,Apples,1013 Tivoli CT ,Apples,FL,34104
7737,Apples,1285 Gulf Shore BLVD N 5B,Apples,FL,34102
7738,Apples,4951 BONITA BAY BLVD 904,BONITA SPRINGS,FL,34134
7739,Apples,4951 BONITA BAY BLVD 303,BONITA SPRINGS,FL,34134
7740,Apples,3000 Oasis Grand BLVD UPH5,FORT MYERS,FL,33916
7741,Apples,16343 Winfield LN ,Apples,FL,34110
7742,Apples,4833 Hampshire CT #105,Apples,FL,34112
7743,Apples,313 Turtle Hatch RD ,Apples,FL,34103
7744,Apples,117 Audubon BLVD ,Apples,FL,34110
7745,Apples,28554 Wharton DR ,BONITA SPRINGS,FL,34135
7746,Apples,10275 Heritage Bay BLVD 722,Apples,FL,34120
7747,Apples,179 Lake Point LN 8-D,Apples,FL,34112
7748,Apples,2169 Asti CT ,Apples,FL,34105
7749,Apples,645 21st ST NW ,Apples,FL,34120
7750,Apples,5 Bluebill AVE 307,Apples,FL,34108
7751,Apples,2127 Mission DR ,Apples,FL,34109
7752,Apples,1 Peridot AVE 1-PT,Apples,FL,34114
7753,Apples,370 Cottage CT ,MARCO ISLAND,FL,34145
7754,Apples,9091 Graphite CIR ,Apples,FL,34120
7755,Apples,4151 Gulf Shore BLVD N 1401,Apples,FL,34103
7756,Apples,9188 Flint CT ,Apples,FL,34120
7757,Apples,1175 OLEANDER DR ,Apples,FL,34102
7758,Apples,21621 Brixham Run Loop ,ESTERO,FL,33928
7759,Apples,3128 Royal Gardens AVE ,FORT MYERS,FL,33916
7760,Apples,1008 Chapel AVE ,LEHIGH ACRES,FL,33971
7761,Apples,4500 30th PL SW ,Apples,FL,34116
7762,Apples,2661 43rd AVE NE ,Apples,FL,34120
7763,Apples,20019 Sweetbay DR ,NORTH FORT MYERS,FL,33917
7764,Apples,11926 Heather Woods CT ,Apples,FL,34120
7765,Apples,850 6th AVE N 204,Apples,FL,34102
7766,Apples,4120 Looking Glass LN 3704,Apples,FL,34112
7767,Apples,4931 Bonita Bay BLVD 1601,BONITA SPRINGS,FL,34134
7768,Apples,11601 Isle Of Palms DR ,FORT MYERS BEACH,FL,33931
7769,Apples,2701 Gulf Shore BLVD N 102,Apples,FL,34103
7770,Apples,3425 Gold Flower ST ,ALVA,FL,33920
7771,Apples,10633 Gulf Shore DR 5S,Apples,FL,34108
7772,Apples,366 Charlemagne BLVD C201,Apples,FL,34112
7773,Apples,2505 Breakwater WAY 3202,Apples,FL,34112
7774,Apples,3417 Gold Flower ST ,ALVA,FL,33920
7775,Apples,2860 Coco Lakes DR ,Apples,FL,34105
7776,Apples,3055 Riviera DR 205,Apples,FL,34103
7777,Apples,985 Tierra Lago WAY ,Apples,FL,34119
7778,Apples,8556 Bellagio DR ,Apples,FL,34114
7779,Apples,140 Seaview CT 706S,MARCO ISLAND,FL,34145
7780,Apples,13390 Kent ST ,Apples,FL,34109
7781,Apples,5716 Deauville CIR I107,Apples,FL,34112
7782,Apples,2667 Lakeview DR ,Apples,FL,34112
7783,Apples,750 Old Trail DR ,Apples,FL,34103
7784,Apples,880 3rd ST SW ,Apples,FL,34117
7785,Apples,1035 3rd AVE S 417,Apples,FL,34102
7786,Apples,9806 Rocky Bank DR ,Apples,FL,34109
7787,Apples,4665 Winged Foot 4-103,Apples,FL,34112
7788,Apples,10333 Heritage Bay BLVD 1733,Apples,FL,34120
7789,Apples,1060 Borghese LN 1705,Apples,FL,34114
7790,Apples,5792 Deauville CIR A104,Apples,FL,34112
7791,Apples,1061 Collier BLVD 303,MARCO ISLAND,FL,34145
7792,Apples,115 Vista LN ,Apples,FL,34119
7793,Apples,2615 Twinflower LN ,Apples,FL,34105
7794,Apples,1530 Clermont DR G-204,Apples,FL,34109
7795,Apples,2901 Gulf Shore BLVD N S401S,Apples,FL,34103
7796,Apples,3901 Kens WAY 3307,BONITA SPRINGS,FL,34134
7797,Apples,5501 Rattlesnake Hammock RD 113,Apples,FL,34113
7798,Apples,21490 Strada Nuova CIR 414,ESTERO,FL,33928
7799,Apples,591 Seaview CT A-210,MARCO ISLAND,FL,34145
7800,Apples,260 Seaview CT 809,MARCO ISLAND,FL,34145
7801,Apples,14075 Tivoli TER ,BONITA SPRINGS,FL,34135
7802,Apples,12615 Colliers Reserve DR ,Apples,FL,34110
7803,Apples,520 Soll ST ,Apples,FL,34109
7804,Apples,1775 Concordia Lake CIR 3006,CAPE CORAL,FL,33909
7805,Apples,223 Fishtail Palm LN 223,Apples,FL,34114
7806,Apples,5237 & 5245 Cherry Wood DR ,Apples,FL,34119
7807,Apples,14654 Speranza WAY ,BONITA SPRINGS,FL,34135
7808,Apples,3500 GULF SHORE BLVD N 504,Apples,FL,34103
7809,Apples,22758 Fountain Lakes BLVD ,ESTERO,FL,33928
7810,Apples,5345 Cove CIR ,Apples,FL,34119
7811,Apples,2161 Asti CT ,Apples,FL,34105
7812,Apples,788 Park Shore DR A-18,Apples,FL,34103
7813,Apples,16638 Isola Bella LN ,Apples,FL,34110
7814,Apples,12371 Villagio WAY ,FORT MYERS,FL,33912
7815,Apples,7450 Lantana CIR ,Apples,FL,34119
7816,Apples,4255 Gulf Shore BLVD N 1006,Apples,FL,34103
7817,Apples,197 Caribbean RD ,Apples,FL,34108
7818,Apples,5236 27th PL ,CAPE CORAL,FL,33914
7819,Apples,5606 Merlyn LN ,CAPE CORAL,FL,33914
7820,Apples,3120 Royal Gardens AVE ,FORT MYERS,FL,33916
7821,Apples,21578 Cascina DR ,ESTERO,FL,33928
7822,Apples,3398 Acapulco CIR ,CAPE CORAL,FL,33909
7823,Apples,421 Lovers AVE ,LEHIGH ACRES,FL,33974
7824,Apples,4968 Hemingway TER ,AVE MARIA,FL,34142
7825,Apples,8380 Heritage Links CT 1916,Apples,FL,34112
7826,Apples,2275 Harmony LN 202,Apples,FL,34109
7827,Apples,9279 Menaggio CT 101,Apples,FL,34114
7828,Apples,292 14th AVE S F,Apples,FL,34102
7829,Apples,7956 Cordoba PL ,Apples,FL,34113
7830,Apples,1345 Charleston Square DR 5-101,Apples,FL,34110
7831,Apples,3600 Avenida Del Vera ,NORTH FORT MYERS,FL,33917
7832,Apples,2644 Fishtail Palm CT ,Apples,FL,34120
7833,Apples,3300 Crayton RD ,Apples,FL,34103
7834,Apples,8239 Parkstone PL 106,Apples,FL,34120
7835,Apples,7525 Stoneybrook DR 946,Apples,FL,34112
7836,Apples,1128 Bald Eagle DR 207,MARCO ISLAND,FL,34145
7837,Apples,160 3rd AVE S ,Apples,FL,34102
7838,Apples,445 Barfield DR ,MARCO ISLAND,FL,34145
7839,Apples,1709 Tarpon Bay DR S 44,Apples,FL,34119
7840,Apples,554 Portsmouth CT ,Apples,FL,34110
7841,Apples,1227 Commonwealth CIR G-104,Apples,FL,34116
7842,Apples,224 Channing CT ,Apples,FL,34110
7843,Apples,20486 Larino LOOP ,ESTERO,FL,33928
7844,Apples,8085 Bayshore DR ,Apples,FL,34112
7845,Apples,1940 TARPON RD ,Apples,FL,34102
7846,Apples,3123 Santorini CT ,Apples,FL,34119
7847,Apples,27 Maui CIR 27,Apples,FL,34112
7848,Apples,2400 Gulf Shore BLVD N 202,Apples,FL,34103
7849,Apples,9172 Flint CT ,Apples,FL,34120
7850,Apples,2955 BELLFLOWER LN ,Apples,FL,34105
7851,Apples,3901 Kens WAY 3306,BONITA SPRINGS,FL,34134
7852,Apples,14664 Reserve LN ,Apples,FL,34109
7853,Apples,212 Colonade CIR ,Apples,FL,34103
7854,Apples,963 Hingham WAY 102,Apples,FL,34104
7855,Apples,1453 Bembury DR ,Apples,FL,34102
7856,Apples,3971 Gulf Shore BLVD N 405,Apples,FL,34103
7857,Apples,1929 Par DR ,Apples,FL,34120
7858,Apples,12101 Palm Cove ST ,FORT MYERS,FL,33913
7859,Apples,3456 Runaway LN SW ,Apples,FL,34114
7860,Apples,3390 Crown Pointe BLVD 101,Apples,FL,34112
7861,Apples,8259 Ibis Cove CIR A-131,Apples,FL,34119
7862,Apples,15927 Roseto WAY ,Apples,FL,34110
7863,Apples,6511 Highcroft DR ,Apples,FL,34119
7864,Apples,1712 Bald Eagle DR NW 514B,Apples,FL,34105
7865,Apples,17 Willoughby DR ,Apples,FL,34110
7866,Apples,1035 3rd AVE S 119,Apples,FL,34102
7867,Apples,577 110th AVE N ,Apples,FL,34108
7868,Apples,6833 Il Regalo CIR ,Apples,FL,34109
7869,Apples,3156 Capistrano LN ,Apples,FL,34114
7870,Apples,805 River Point DR 108C,Apples,FL,34102
7871,Apples,810 Breakaway LN 203,Apples,FL,34108
7872,Apples,16336 Corsica WAY 10-102,Apples,FL,34110
7873,Apples,3930 Belair LN 208,Apples,FL,34103
7874,Apples,14287 Oviedo PL ,FORT MYERS,FL,33905
7875,Apples,555 14th AVE S ,Apples,FL,34102
7876,Apples,8733 Cedar Hammock BLVD ,Apples,FL,34112
7877,Apples,17640 Silverspur DR ,Babcock Ranch,FL,33982
7878,Apples,8795 Naples Heritage DR D-14,Apples,FL,34112
7879,Apples,7819 Regal Heron CIR 8-201,Apples,FL,34104
7880,Apples,2121 Crayton RD ,Apples,FL,34102
7881,Apples,5942 Bermuda LN ,Apples,FL,34119
7882,Apples,1490 Borghese LN 101,Apples,FL,34114
7883,Apples,7416 Plumbago Bridge RD 203,Apples,FL,34109
7884,Apples,2544 39th AVE NE ,Apples,FL,34120
7885,Apples,8768 Bellano CT S 7-201,Apples,FL,34119
7886,Apples,1051 Winding Pines CIR 101,CAPE CORAL,FL,33909
7887,Apples,2699 Desoto Blvd North ,Apples,FL,na48
7888,Apples,1417 Chesapeake AVE 101,Apples,FL,34102
7889,Apples,9070 Albion LN N 58-2,Apples,FL,34113
7890,Apples,1051 Winding Pines CIR 201,CAPE CORAL,FL,33909
7891,Apples,240 Pebble Beach CIR F206,Apples,FL,34113
7892,Apples,4005 Gulf Shore BLVD N PH-8,Apples,FL,34103
7893,Apples,4051 Gulf Shore BLVD N 1101,Apples,FL,34103
7894,Apples,10897 Marblebrook BLVD ,LEHIGH ACRES,FL,33936
7895,Apples,2671 52nd AVE NE ,Apples,FL,34120
7896,Apples,3320 43rd AVE NE ,Apples,FL,34120
7897,Apples,2376 Gulf Shore BLVD N 206,Apples,FL,34103
7898,Apples,28004 Sosta LN 1,BONITA SPRINGS,FL,34135
7899,Apples,18367 Hawthorne ,FORT MYERS,FL,33967
7900,Apples,104 Tuscana CT 805,Apples,FL,34119
7901,Apples,435 41st AVE NE ,Apples,FL,34120
7902,Apples,2524 Kings Lake BLVD ,Apples,FL,34112
7903,Apples,14542 Adina LN ,ALVA,FL,33920
7904,Apples,14586 Adina LN ,ALVA,FL,33920
7905,Apples,4115 14th AVE NE ,Apples,FL,34120
7906,Apples,121 Gabriel CIR 1-104,Apples,FL,34104
7907,Apples,7822 Great Heron WAY 104,Apples,FL,34104
7908,Apples,793 95th AVE N ,Apples,FL,34108
7909,Apples,519 105th AVE N ,Apples,FL,34108
7910,Apples,11313 Monte Carlo BLVD 102,BONITA SPRINGS,FL,34135
7911,Apples,849 Reef Point CIR ,Apples,FL,34108
7912,Apples,13010 Amberley CT 208,BONITA SPRINGS,FL,34135
7913,Apples,4372 Bittern CT ,Apples,FL,34119
7914,Apples,850 Central AVE 205,Apples,FL,34102
7915,Apples,28448 Highgate DR ,BONITA SPRINGS,FL,34135
7916,Apples,10026 Siesta Bay DR 9113,Apples,FL,34120
7917,Apples,1826 SEVILLE BLVD 1021,Apples,FL,34109
7918,Apples,2158 Antigua LN ,Apples,FL,34120
7919,Apples,387 Saddlebrook LN ,Apples,FL,34110
7920,Apples,12050 Covent Garden CT 1003,Apples,FL,34120
7921,Apples,3985 Bishopwood CT E 201,Apples,FL,34114
7922,Apples,16932 Fairgrove WAY ,Apples,FL,34110
7923,Apples,10761 Crossback LN ,LEHIGH ACRES,FL,33936
7924,Apples,10765 Crossback LN ,LEHIGH ACRES,FL,33936
7925,Apples,10773 Crossback LN ,LEHIGH ACRES,FL,33936
7926,Apples,6 Golf Cottage DR ,Apples,FL,34105
7927,Apples,10525 Crossback LN ,LEHIGH ACRES,FL,33936
7928,Apples,10531 Crossback LN ,LEHIGH ACRES,FL,33936
7929,Apples,13087 Pond Apple DR E ,Apples,FL,34119
7930,Apples,96 Norfolk Pine LN 96,Apples,FL,34114
7931,Apples,3200 39th AVE NE ,Apples,FL,34120
7932,Apples,28573 Risorsa PL ,BONITA SPRINGS,FL,34135
7933,Apples,3340 Key DR 3,NORTH FORT MYERS,FL,33903
7934,Apples,234 Leawood CIR ,Apples,FL,34104
7935,Apples,28871 Bermuda Lago CT 305,BONITA SPRINGS,FL,34134
7936,Apples,12760 Aviano DR ,Apples,FL,34105
7937,Apples,1215 Commonwealth CIR D-102,Apples,FL,34116
7938,Apples,570 El Camino Real 2601,Apples,FL,34119
7939,Apples,2105 9th AVE ,CAPE CORAL,FL,33993
7940,Apples,6080 Pelican Bay BLVD A-305,Apples,FL,34108
7941,Apples,2748 7th AVE ,CAPE CORAL,FL,33909
7942,Apples,11931 Marathon DR ,BONITA SPRINGS,FL,34135
7943,Apples,1599 Heights CT ,MARCO ISLAND,FL,34145
7944,Apples,1451 Oceania DR S ,Apples,FL,34113
7945,Apples,4357 27th CT SW 3-102,Apples,FL,34116
7946,Apples,9330 Triana TER 272,FORT MYERS,FL,33912
7947,Apples,1452 Hemingway PL ,Apples,FL,34103
7948,Apples,951 Moon CT ,MARCO ISLAND,FL,34145
7949,Apples,4051 Gulf Shore BLVD N 1001,Apples,FL,34103
7950,Apples,771 94th AVE N ,Apples,FL,34108
7951,Apples,1190 Partridge LN 102,Apples,FL,34104
7952,Apples,6104 Antigua WAY ,Apples,FL,34113
7953,Apples,155 6th ST N ,Apples,FL,34102
7954,Apples,2617 Estrella CT 17-3,Apples,FL,34109
7955,Apples,28008 Sosta LN 4,BONITA SPRINGS,FL,34135
7956,Apples,1826 4th PL ,CAPE CORAL,FL,33909
7957,Apples,4293 27th CT SW 201,Apples,FL,34116
7958,Apples,1632 7th PL ,CAPE CORAL,FL,33993
7959,Apples,320 Seaview CT #408,MARCO ISLAND,FL,34145
7960,Apples,600 6th AVE ,CAPE CORAL,FL,33991
7961,Apples,1501 17th TER ,CAPE CORAL,FL,33990
7962,Apples,2131 Mission DR ,Apples,FL,34109
7963,Apples,685 17th AVE S ,Apples,FL,34102
7964,Apples,7774 Jewel LN 101,Apples,FL,34109
7965,Apples,5950 Amherst DR A201,Apples,FL,34112
7966,Apples,1051 Winding Pines CIR 102,CAPE CORAL,FL,33909
7967,Apples,1051 Winding Pines CIR 202,CAPE CORAL,FL,33909
7968,Apples,295 Grande WAY 306,Apples,FL,34110
7969,Apples,7827 Regal Heron CIR 306,Apples,FL,34104
7970,Apples,5246 Texas AVE ,Apples,FL,34113
7971,Apples,1051 Winding Pines CIR 203,CAPE CORAL,FL,33909
7972,Apples,6313 Lyford Isle DR ,Apples,FL,34113
7973,Apples,3088 Strada Bella CT ,Apples,FL,34119
7974,Apples,1051 Winding Pines CIR 204,CAPE CORAL,FL,33909
7975,Apples,6147 Everglades BLVD N ,Apples,FL,34120
7976,Apples,1240 Delmar LN ,Apples,FL,34104
7977,Apples,750 Mooring Line DR 209,Apples,FL,34102
7978,Apples,12469 Twineagles BLVD ,Apples,FL,34120
7979,Apples,18180 Wildblue BLVD ,FORT MYERS,FL,33913
7980,Apples,1758 Ribbon Fan LN ,Apples,FL,34119
7981,Apples,320 Seaview CT #508,MARCO ISLAND,FL,34145
7982,Apples,8499 Chase Preserve DR ,Apples,FL,34113
7983,Apples,427 Spinnaker DR ,MARCO ISLAND,FL,34145
7984,Apples,26370 Hickory BLVD 501,BONITA SPRINGS,FL,34134
7985,Apples,6300 Pelican Bay BLVD A-105,Apples,FL,34108
7986,Apples,8525 Sevilla CT ,Apples,FL,34114
7987,Apples,200 Valley Stream DR B-9,Apples,FL,34113
7988,Apples,7916 Cordoba PL ,Apples,FL,34113
7989,Apples,11770 Night Heron DR ,Apples,FL,34119
7990,Apples,320 Seaview CT 1208,MARCO ISLAND,FL,34145
7991,Apples,611 Springline DR ,Apples,FL,34102
7992,Apples,12051 Hawthorn Lake DR 102,FORT MYERS,FL,33913
7993,Apples,725 18th AVE S ,Apples,FL,34102
7994,Apples,11875 Boxelder WAY ,FORT MYERS,FL,33913
7995,Apples,1021 Plymouth ST E ,LEHIGH ACRES,FL,33974
7996,Apples,11860 Boxelder WAY ,FORT MYERS,FL,33913
7997,Apples,180 Seaview CT 201,MARCO ISLAND,FL,34145
7998,Apples,11853 Hickory Estate CIR ,FORT MYERS,FL,33913
7999,Apples,11888 Arbor Trace DR ,FORT MYERS,FL,33913
8000,Apples,3630 41st AVE NE ,Apples,FL,34120
8001,Apples,1024 Anglers CV C-303,MARCO ISLAND,FL,34145
8002,Apples,304 22nd CT ,CAPE CORAL,FL,33993
8003,Apples,3930 10th AVE NE ,Apples,FL,34120
8004,Apples,5260 Landings DR 602,FORT MYERS,FL,33919
8005,Apples,762 Reef Point CIR ,Apples,FL,34108
8006,Apples,7595 Bristol CIR ,Apples,FL,34120
8007,Apples,4602 Pond Apple DR N ,Apples,FL,34119
8008,Apples,3460 North Key DR 306,NORTH FORT MYERS,FL,33903
8009,Apples,3225 Duchess DR ,Apples,FL,34112
8010,Apples,334 Polynesia CT ,MARCO ISLAND,FL,34145
8011,Apples,1135 3rd AVE S 204,Apples,FL,34102
8012,Apples,3230 60th ST SW ,Apples,FL,34116
8013,Apples,3259 Sundance CIR ,Apples,FL,34109
8014,Apples,1717 Morning Sun LN E-32,Apples,FL,34119
8015,Apples,6920 Cocoplum ST ,Apples,FL,34114
8016,Apples,4966 Shaker Heights CT 202,Apples,FL,34112
8017,Apples,269 Barefoot Beach BLVD PH4,BONITA SPRINGS,FL,34134
8018,Apples,11576 Quail Village WAY ,Apples,FL,34119
8019,Apples,7970 Mahogany Run LN 223,Apples,FL,34113
8020,Apples,13548 Monticello BLVD ,Apples,FL,34109
8021,Apples,2405 HARMONY LN 103,Apples,FL,34109
8022,Apples,3268 AMANDA LN 1,Apples,FL,34109
8023,Apples,308 Morgan RD ,Apples,FL,34114
8024,Apples,9895 Citadel LN 102,BONITA SPRINGS,FL,34135
8025,Apples,651 Seaview CT B 106,MARCO ISLAND,FL,34145
8026,Apples,10810 Est Cortile CT ,Apples,FL,34110
8027,Apples,211 Sugar Loaf LN 153,Apples,FL,34114
8028,Apples,8540 Violeta ST 102,ESTERO,FL,34135
8029,Apples,10055 Florence CIR ,Apples,FL,34119
8030,Apples,4041 Gulf Shore BLVD N 1005,Apples,FL,34103
8031,Apples,13488 Mandarin CIR ,Apples,FL,34109
8032,Apples,1645 Tarpon Bay DR S 28,Apples,FL,34119
8033,Apples,619 Beachwalk CIR I-201,Apples,FL,34108
8034,Apples,2911 Coco Lakes DR ,Apples,FL,34105
8035,Apples,10130 Via Colomba CIR ,FORT MYERS,FL,33966
8036,Apples,780 Collier BLVD 605,MARCO ISLAND,FL,34145
8037,Apples,28647 Lisburn CT ,BONITA SPRINGS,FL,34135
8038,Apples,305 Storter AVE 29,EVERGLADES CITY,FL,34139
8039,Apples,325 Dunes BLVD 302,Apples,FL,34110
8040,Apples,8473 Sevilla CT ,Apples,FL,34114
8041,Apples,28631 Carriage Home DR 201,BONITA SPRINGS,FL,34134
8042,Apples,8665 Bay Colony DR 202,Apples,FL,34108
8043,Apples,8482 Viale CIR ,Apples,FL,34114
8044,Apples,901 Egrets RUN 4-201,Apples,FL,34108
8045,Apples,7117 Pelican Bay BLVD 704,Apples,FL,34108
8046,Apples,721 LOGAN BLVD S ,Apples,FL,34119
8047,Apples,201 Vintage Bay DR B-15,MARCO ISLAND,FL,34145
8048,Apples,1414 Via Portofino ,Apples,FL,34108
8049,Apples,14900 Pleasant Bay LN 7102,Apples,FL,34119
8050,Apples,1020 13th ST N ,Apples,FL,34102
8051,Apples,8595 Maggiore CT ,Apples,FL,34114
8052,Apples,201 Vintage Bay DR B-9,MARCO ISLAND,FL,34145
8053,Apples,68 East AVE ,Apples,FL,34108
8054,Apples,14729 Sonoma BLVD ,Apples,FL,34114
8055,Apples,7449 Moorgate Point WAY ,Apples,FL,34113
8056,Apples,174 Collier BLVD PH-B,MARCO ISLAND,FL,34145
8057,Apples,6537 Marissa LOOP 7,Apples,FL,34108
8058,Apples,878 Grove DR ,Apples,FL,34120
8059,Apples,10426 Prato DR ,FORT MYERS,FL,33913
8060,Apples,24420 Reserve CT 103,BONITA SPRINGS,FL,34134
8061,Apples,3417 Bedford CT ,Apples,FL,34112
8062,Apples,4363 Aurora ST ,Apples,FL,34119
8063,Apples,116 Pinebrook DR ,FORT MYERS,FL,33907
8064,Apples,570 El Camino Real 2502,Apples,FL,34119
8065,Apples,7425 Pelican Bay BLVD 1504,Apples,FL,34108
8066,Apples,9262 Rialto LN ,Apples,FL,34119
8067,Apples,6911 Livingston Woods LN ,Apples,FL,34109
8068,Apples,714 Killdeer PL ,Apples,FL,34108
8069,Apples,9490 Napoli LN 102,Apples,FL,34113
8070,Apples,7300 Coventry CT 602,Apples,FL,34104
8071,Apples,13100 Bella Casa CIR 125,FORT MYERS,FL,33966
8072,Apples,2293 Residence CIR ,Apples,FL,34105
8073,Apples,1044 Luray AVE ,FORT MYERS,FL,33916
8074,Apples,362 Bald Eagle DR ,MARCO ISLAND,FL,34145
8075,Apples,9457 Greenleigh CT ,Apples,FL,34120
8076,Apples,1390 Middle Gulf DR F,SANIBEL,FL,33957
8077,Apples,20409 Foxworth CIR ,ESTERO,FL,33928
8078,Apples,1235 WILDWOOD LAKES BLVD 4-101,Apples,FL,34104
8079,Apples,300 Park Shore DR 1B,Apples,FL,34103
8080,Apples,7260 Coventry CT 419,Apples,FL,34104
8081,Apples,250 5th AVE S 302,Apples,FL,34102
8082,Apples,4883 Hampshire CT 6-202,Apples,FL,34112
8083,Apples,618 Cypress WAY E ,Apples,FL,34110
8084,Apples,365 Windward WAY ,Apples,FL,34103
8085,Apples,1051 Winding Pines CIR 103,CAPE CORAL,FL,33909
8086,Apples,1051 Winding Pines CIR 104,CAPE CORAL,FL,33909
8087,Apples,496 Germain AVE ,Apples,FL,34108
8088,Apples,1051 Winding Pines CIR 105,CAPE CORAL,FL,33909
8089,Apples,1980 24th AVE NE ,Apples,FL,34120
8090,Apples,462 Tallwood ST 103,MARCO ISLAND,FL,34145
8091,Apples,5161 Roma ST ,AVE MARIA,FL,34142
8092,Apples,240 Collier BLVD E4,MARCO ISLAND,FL,34145
8093,Apples,42 Tahiti RD ,MARCO ISLAND,FL,34145
8094,Apples,12893 Kentfield LN ,FORT MYERS,FL,33913
8095,Apples,8885 Lely Island CIR ,Apples,FL,34113
8096,Apples,3131 Fort Charles DR ,Apples,FL,34102
8097,Apples,1051 Winding Pines CIR 208,CAPE CORAL,FL,33909
8098,Apples,1051 Winding Pines CIR 106,CAPE CORAL,FL,33909
8099,Apples,1051 Winding Pines CIR 107,CAPE CORAL,FL,33909
8100,Apples,1051 Winding Pines CIR 108,CAPE CORAL,FL,33909
8101,Apples,3225 60th AVE NE ,Apples,FL,34120
8102,Apples,2150 Gulf Shore BLVD N 611,Apples,FL,34102
8103,Apples,140 Seaview CT 1006S,MARCO ISLAND,FL,34145
8104,Apples,1748 Ludlow RD ,MARCO ISLAND,FL,34145
8105,Apples,5601 Turtle Bay DR 1903,Apples,FL,34108
8106,Apples,16251 Crown Arbor WAY ,FORT MYERS,FL,33908
8107,Apples,1263 Collier BLVD ,MARCO ISLAND,FL,34145
8108,Apples,180 Seaview CT 1005,MARCO ISLAND,FL,34145
8109,Apples,7360 Province WAY 4210,Apples,FL,34104
8110,Apples,300 Country Club DR ,Apples,FL,34110
8111,Apples,9197 Quartz LN 101,Apples,FL,34120
8112,Apples,727 Saint Georges CT ,Apples,FL,34110
8113,Apples,568 Coconut AVE ,GOODLAND,FL,34140
8114,Apples,1057 Summerfield DR ,Apples,FL,34120
8115,Apples,3718 Pleasant Springs DR ,Apples,FL,34119
8116,Apples,1051 Winding Pines CIR 205,CAPE CORAL,FL,33909
8117,Apples,1051 Winding Pines CIR 206,CAPE CORAL,FL,33909
8118,Apples,1051 Winding Pines CIR 207,CAPE CORAL,FL,33909
8119,Apples,4571 Bay Beach LN 272,FORT MYERS BEACH,FL,33931
8120,Apples,3100 Binnacle DR 205,Apples,FL,34103
8121,Apples,21609 Baccarat LN 102,ESTERO,FL,33928
8122,Apples,15815 Secoya Reserve CIR ,Apples,FL,34110
8123,Apples,3984 Bishopwood CT E 5-105,Apples,FL,34114
8124,Apples,14306 Manchester DR ,Apples,FL,34114
8125,Apples,909 10th ST S 301,Apples,FL,34102
8126,Apples,3205 Cullowee LN ,Apples,FL,34114
8127,Apples,970 Cape Marco DR 2008,MARCO ISLAND,FL,34145
8128,Apples,3115 Gulf Shore BLVD N PH-2S,Apples,FL,34103
8129,Apples,13010 Positano CIR 104,Apples,FL,34105
8130,Apples,7160 Lemuria CIR 1501,Apples,FL,34109
8131,Apples,7185 Everglades BLVD N ,Apples,FL,34120
8132,Apples,952 9th AVE S ,Apples,FL,34102
8133,Apples,6918 Satinleaf RD N 104,Apples,FL,34109
8134,Apples,8784 Swell Brooks CT ,NORTH FORT MYERS,FL,33917
8135,Apples,3322 35th AVE NE ,Apples,FL,34120
8136,Apples,2000 Royal Marco WAY 2-508,MARCO ISLAND,FL,34145
8137,Apples,13441 Monticello BLVD ,Apples,FL,34109
8138,Apples,6849 Grenadier BLVD 1005,Apples,Fl,34108
8139,Apples,2334 Kings Lake BLVD ,Apples,FL,34112
8140,Apples,7452 Blackberry DR ,Apples,FL,34114
8141,Apples,3207 Estancia LN ,CAPE CORAL,FL,33909
8142,Apples,871 Meadowland DR C,Apples,FL,34108
8143,Apples,16324 Corsica WAY 12-201,Apples,FL,34110
8144,Apples,260 6th AVE S 7,Apples,FL,34102
8145,Apples,653 Carrillon AVE S ,LEHIGH ACRES,FL,33974
8146,Apples,649 Carrillon AVE S ,LEHIGH ACRES,FL,33974
8147,Apples,2325 18th TER ,CAPE CORAL,FL,33991
8148,Apples,569 Croydon AVE S ,LEHIGH ACRES,FL,33972
8149,Apples,4843 Hampshire CT 2-207,Apples,FL,34112
8150,Apples,26200 Clarkston DR 101,BONITA SPRINGS,FL,34135
8151,Apples,1215 Edington PL C3,MARCO ISLAND,FL,34145
8152,Apples,1365 Remington WAY S 6202,Apples,FL,34110
8153,Apples,6641 Golden Gate PKY ,Apples,FL,34105
8154,Apples,12970 Positano CIR 102,Apples,FL,34105
8155,Apples,4125 13th AVE SW ,Apples,FL,34116
8156,Apples,10312 Heritage Bay BLVD 2822,Apples,FL,34120
8157,Apples,3847 12th AVE SE ,Apples,FL,34117
8158,Apples,3710 33rd AVE NE ,Apples,FL,34120
8159,Apples,3647 ARCTIC CIR 308,Apples,FL,34112
8160,Apples,440 Seaview CT 1208,MARCO ISLAND,FL,34145
8161,Apples,58 Collier BLVD 1204,MARCO ISLAND,FL,34145
8162,Apples,272 Sabal Lake DR ,Apples,FL,34104
8163,Apples,28 6th ST ,BONITA SPRINGS,FL,34134
8164,Apples,16035 Marche PL ,BONITA SPRINGS,FL,34135
8165,Apples,2385 39th AVE NE ,Apples,FL,34120
8166,Apples,5008 Iron Horse WAY ,AVE MARIA,FL,34142
8167,Apples,50 Seagate DR 302,Apples,FL,34103
8168,Apples,14587 Edgewater CIR ,Apples,FL,34114
8169,Apples,14579 Edgewater CIR ,Apples,FL,34114
8170,Apples,915 10th AVE S ,Apples,FL,34102
8171,Apples,4680 Lahaina LN ,BONITA SPRINGS,FL,34134
8172,Apples,2400 Gulf Shore BLVD N PH-1,Apples,FL,34103
8173,Apples,4181 Lake Forest DR 1524,BONITA SPRINGS,FL,34134
8174,Apples,1022 21st TER ,CAPE CORAL,FL,33993
8175,Apples,1115 22nd ST ,CAPE CORAL,FL,33993
8176,Apples,3830 Sawgrass WAY 2934,Apples,FL,34112
8177,Apples,131 23rd PL ,CAPE CORAL,FL,33909
8178,Apples,303 14th AVE ,CAPE CORAL,FL,33909
8179,Apples,9872 Alhambra LN ,BONITA SPRINGS,FL,34135
8180,Apples,1 14th AVE ,CAPE CORAL,FL,33990
8181,Apples,1345 Mainsail DR 1405,Apples,FL,34114
8182,Apples,255 Park Shore DR 3-312,Apples,FL,34103
8183,Apples,4145 Bloomfield ST ,FORT MYERS,FL,33916
8184,Apples,4153 Bloomfield ST ,FORT MYERS,FL,33916
8185,Apples,17223 Malaga RD ,FORT MYERS,FL,33967
8186,Apples,3053 Royal Gardens AVE ,FORT MYERS,FL,33916
8187,Apples,300 Collier BLVD 702,MARCO ISLAND,FL,34145
8188,Apples,3127 Royal Gardens AVE ,FORT MYERS,FL,33916
8189,Apples,5792 Mayflower WAY ,AVE MARIA,FL,34142
8190,Apples,1711 Beverly DR ,Apples,FL,34114
8191,Apples,3069 Birchin LN ,FORT MYERS,FL,33916
8192,Apples,4788 West BLVD A-101,Apples,FL,34103
8193,Apples,2741 Merida LN ,CAPE CORAL,FL,33909
8194,Apples,28471 Captiva Shell LOOP ,BONITA SPRINGS,FL,34135
8195,Apples,16450 Seneca WAY ,Apples,FL,34110
8196,Apples,27273 Johnson ST ,BONITA SPRINGS,FL,34135
8197,Apples,28621 San Lucas LN 202,BONITA SPRINGS,FL,34135
8198,Apples,24031 Via Castella DR 1102,BONITA SPRINGS,FL,34134
8199,Apples,23161 Rosedale DR 101,ESTERO,FL,34135
8200,Apples,3841 HELMSMAN DR ,Apples,FL,34120
8201,Apples,6957 Bent Grass DR ,Apples,FL,34113
8202,Apples,8751 La Palma LN ,Apples,FL,34108
8203,Apples,10731 Maui CIR ,ESTERO,FL,33928
8204,Apples,8990 Bay Colony DR 203,Apples,FL,34108
8205,Apples,340 Harbour DR 340,Apples,FL,34103
8206,Apples,2021 Painted Palm DR ,Apples,FL,34119
8207,Apples,226 Waterway CT 6-202,MARCO ISLAND,FL,34145
8208,Apples,16884 Brightling WAY ,Apples,FL,34110
8209,Apples,28048 Castellano WAY ,Apples,FL,34110
8210,Apples,5801 Glencove DR 507,Apples,FL,34108
8211,Apples,2261 Trout CT ,Apples,FL,34102
8212,Apples,30 Le Mans DR ,Apples,FL,34112
8213,Apples,9605 Crescent Garden DR E-102,Apples,FL,34109
8214,Apples,1593 Serrano CIR ,Apples,FL,34105
8215,Apples,240 Lime Key LN 147,Apples,FL,34114
8216,Apples,5595 140th ST ,SUMMERFIELD,FL,34491
8217,Apples,1055 Forest Lakes DR F-102,Apples,FL,34105
8218,Apples,4121 Lorene DR 209,ESTERO,FL,33928
8219,Apples,105 14th ST NE ,Apples,FL,34120
8220,Apples,1100 8th AVE S 210B,Apples,FL,34102
8221,Apples,1781 Dogwood DR ,MARCO ISLAND,FL,34145
8222,Apples,7582 Citrus Hill LN ,Apples,FL,34109
8223,Apples,801 River Point DR 206A,Apples,FL,34102
8224,Apples,9572 Trevi CT 5028,Apples,FL,34113
8225,Apples,12169 Via Cercina DR ,BONITA SPRINGS,FL,34135
8226,Apples,280 Collier BLVD 2005,MARCO ISLAND,FL,34145
8227,Apples,6804 Satinleaf RD S 201,Apples,FL,34109
8228,Apples,5900 Painted Leaf LN ,Apples,FL,34116
8229,Apples,8550 Gleneagle WAY ,Apples,FL,34120
8230,Apples,3279 Pilot CIR ,Apples,FL,34120
8231,Apples,4864 Hampshire CT 9-303,Apples,FL,34112
8232,Apples,8785 Zurigo LN ,Apples,FL,34114
8233,Apples,12458 Lockford LN ,Apples,FL,34120
8234,Apples,29001 Seton CT ,BONITA SPRINGS,FL,34134
8235,Apples,1412 Athol WAY 93,Apples,FL,34104
8236,Apples,1111 Central AVE 404,Apples,FL,34102
8237,Apples,12312 Wisteria DR ,Apples,FL,34120
8238,Apples,8265 Ibis Club DR 605,Apples,FL,34104
8239,Apples,4782 Europa DR ,Apples,FL,34105
8240,Apples,1564 Blue Point AVE 2,Apples,FL,34102
8241,Apples,2536 44th ST SW ,Apples,FL,34116
8242,Apples,4236 Saint George LN ,Apples,FL,34119
8243,Apples,5271 Ferrari AVE ,AVE MARIA,FL,34142
8244,Apples,1010 Manatee RD B202,Apples,FL,34114
8245,Apples,269 Kirtland DR ,Apples,FL,34110
8246,Apples,991 Collier CT B203,MARCO ISLAND,FL,34145
8247,Apples,16985 Porta Vecchio WAY 102,Apples,FL,34110
8248,Apples,3643 66th AVE NE ,Apples,Fl,34120
8249,Apples,23640 Walden Center DR 205,ESTERO,FL,34134
8250,Apples,607 Myrtle RD ,Apples,FL,34108
8251,Apples,125 Caribbean RD ,Apples,FL,34108
8252,Apples,422 West ST ,Apples,FL,34108
8253,Apples,7190 Tory LN ,Apples,FL,34108
8254,Apples,1607 Crayton RD ,Apples,FL,34102
8255,Apples,1049 34th AVE ,CAPE CORAL,FL,33993
8256,Apples,60 Pelican ST W 304,Apples,FL,34113
8257,Apples,26681 Rosewood Pointe DR 202,BONITA SPRINGS,FL,34135
8258,Apples,11590 Pin Oak DR ,BONITA SPRINGS,FL,34135
8259,Apples,5035 Blauvelt WAY 201,Apples,FL,34105
8260,Apples,27261 Shumard Oak CT ,BONITA SPRINGS,FL,34135
8261,Apples,11611 Pin Oak DR ,BONITA SPRINGS,FL,34135
8262,Apples,11284 San Sebastian LN ,BONITA SPRINGS,FL,34135
8263,Apples,11990 Heather Woods CT ,Apples,FL,34120
8264,Apples,11934 Heather Woods CT ,Apples,FL,34120
8265,Apples,11030 Orangewood DR ,BONITA SPRINGS,FL,34135
8266,Apples,6246 Mandalay CIR 54,Apples,FL,34112
8267,Apples,2219 Dancy ST ,Apples,FL,34120
8268,Apples,4246 14th AVE SE ,GOLDEN GATE,FL,34117
8269,Apples,2142 Clementine ST ,Apples,FL,34120
8270,Apples,6040 Lucaya WAY ,Apples,FL,34113
8271,Apples,9185 Celeste DR 1-205,Apples,FL,34113
8272,Apples,648 Mardel CT 709,Apples,FL,34104
8273,Apples,260 Seaview CT 1803,MARCO ISLAND,FL,34145
8274,Apples,1130 3rd AVE S 403,Apples,FL,34102
8275,Apples,103 Clubhouse LN 282,Apples,FL,34105
8276,Apples,10808 King George LN 2602,Apples,FL,34109
8277,Apples,2900 Gulf Shore BLVD N 214,Apples,FL,34103
8278,Apples,8145 Celeste DR 3122,Apples,FL,34113
8279,Apples,14903 Bellezza LN ,Apples,FL,34110
8280,Apples,723 104th AVE N ,Apples,FL,34108
8281,Apples,3960 Deer Crossing CT 204,Apples,FL,34114
8282,Apples,14511 Topsail DR ,Apples,FL,34114
8283,Apples,4785 11th AVE SW ,Apples,FL,34116
8284,Apples,2767 Citrus ST ,Apples,fl,34120
8285,Apples,2763 Citrus ST ,Apples,fl,34120
8286,Apples,4025 East Hampton CIR ,ALVA,FL,33920
8287,Apples,7200 Coventry CT 108,Apples,FL,34104
8288,Apples,720 Tarpon Cove DR 2-201,Apples,FL,34110
8289,Apples,4035 East Hampton CIR ,ALVA,FL,33920
8290,Apples,28412 Altessa WAY 201,BONITA SPRINGS,FL,34135
8291,Apples,425 Germain AVE ,Apples,FL,34108
8292,Apples,4033 East Hampton CIR ,ALVA,FL,33920
8293,Apples,195 Peppermint LN 884,Apples,FL,34112
8294,Apples,5152 Inagua WAY ,Apples,FL,34119
8295,Apples,172 Cheshire WAY ,Apples,FL,34110
8296,Apples,82 Cypress View DR ,Apples,FL,34113
8297,Apples,8751 Estero BLVD 901,FORT MYERS BEACH,FL,33931
8298,Apples,9498 Napoli LN 102,Apples,FL,34113
8299,Apples,2712 Loreto CT ,CAPE CORAL,FL,33909
8300,Apples,3719 Exuma WAY NE ,Apples,FL,34119
8301,Apples,330 Robin Hood CIR 201,Apples,FL,34104
8302,Apples,3661 16th AVE NE ,Apples,FL,34120
8303,Apples,19376 Elston WAY ,ESTERO,FL,33928
8304,Apples,24300 Sandpiper Isle WAY 102,BONITA SPRINGS,FL,34134
8305,Apples,3569 Avenida Del Vera ,NORTH FORT MYERS,FL,33917
8306,Apples,388 5th ST S ,Apples,FL,34102
8307,Apples,3565 Avenida Del Vera ,NORTH FORT MYERS,FL,33917
8308,Apples,3199 Amadora CIR ,CAPE CORAL,FL,33909
8309,Apples,3192 Amadora CIR ,CAPE CORAL,FL,33909
8310,Apples,13486 Sumter LN ,Apples,FL,34109
8311,Apples,3971 Gulf Shore BLVD N 1105,Apples,FL,34103
8312,Apples,13925 Old Coast RD 702,Apples,fl,34110
8313,Apples,641 16th ST NE ,Apples,FL,34120
8314,Apples,1250 40th TER ,CAPE CORAL,FL,33909
8315,Apples,4005 20th PL ,CAPE CORAL,FL,33909
8316,Apples,1767 Hummingbird CT ,MARCO ISLAND,FL,34145
8317,Apples,480 Raven WAY ,Apples,FL,34110
8318,Apples,3266 Sedge PL ,Apples,FL,34105
8319,Apples,1221 Gulf Shore BLVD N 901,Apples,FL,34102
8320,Apples,227 3rd AVE S ,Apples,FL,34102
8321,Apples,4442 Crimson AVE ,Apples,FL,34119
8322,Apples,6549 Dominica DR 201,Apples,FL,34113
8323,Apples,2794 20TH AVE SE ,Apples,FL,34117
8324,Apples,4001 Ice Castle WAY 7,Apples,FL,34112
8325,Apples,4853 Hampshire CT 101,Apples,FL,34112
8326,Apples,1789 Ivy Pointe CT ,Apples,FL,34109
8327,Apples,3270 Orange Grove TRL ,Apples,FL,34120
8328,Apples,28412 Altessa WAY 203,BONITA SPRINGS,FL,34135
8329,Apples,6596 Ridgewood DR ,Apples,FL,34108
8330,Apples,1549 Sandpiper ST 59,Apples,FL,34102
8331,Apples,14270 Royal Harbour CT 722,FORT MYERS,FL,33908
8332,Apples,6448 Pembroke WAY ,Apples,FL,34113
8333,Apples,4501 Gulf Shore BLVD N 902,Apples,FL,34103
8334,Apples,9185 Celeste DR . #1-203,Apples,FL,34113
8335,Apples,1325 Mariposa CIR 3-202,Apples,FL,34105
8336,Apples,28901 REGIS CT ,BONITA SPRINGS,FL,34134
8337,Apples,1202 Edington PL B202,MARCO ISLAND,FL,34145
8338,Apples,16364 ABERDEEN WAY ,Apples,FL,34110
8339,Apples,5221 Pocatella CT ,CAPE CORAL,FL,33904
8340,Apples,5719 Declaration CT ,AVE MARIA,FL,34142
8341,Apples,560 El Camino Real 1503,Apples,FL,34119
8342,Apples,370 Capistrano CT ,MARCO ISLAND,FL,34145
8343,Apples,13234 Sherburne CIR 1103,BONITA SPRINGS,FL,34135
8344,Apples,10207 Boca CIR ,Apples,FL,34109
8345,Apples,5 Bluebill AVE 706,Apples,FL,34108
8346,Apples,2350 Carrington CT 7-102,Apples,FL,34109
8347,Apples,18137 White Dove CT ,LEHIGH ACRES,FL,33972
8348,Apples,5920 Bur Oaks LN ,Apples,FL,34119
8349,Apples,13611 Worthington WAY 1308,BONITA SPRINGS,FL,34135
8350,Apples,3625 66th AVE NE ,Apples,Fl,34120
8351,Apples,7845 Sandpine CT 1904,Apples,FL,34104
8352,Apples,28750 Trails Edge BLVD 401,BONITA SPRINGS,FL,34134
8353,Apples,2885 37th AVE NE ,Apples,Fl,34120
8354,Apples,852 Glen Eagle BLVD ,Apples,FL,34104
8355,Apples,4801 Bonita Bay BLVD 1801,BONITA SPRINGS,FL,34134
8356,Apples,48 Cypress Point DR ,Apples,FL,34105
8357,Apples,3683 Exuma WAY ,Apples,FL,34119
8358,Apples,3841 Crayton RD ,Apples,FL,34103
8359,Apples,733 18th AVE S ,Apples,FL,34102
8360,Apples,1773 Tarpon Bay DR S 61,Apples,FL,34119
8361,Apples,2760 Cypress Trace CIR 2513,Apples,FL,34119
8362,Apples,155 Vintage CIR I-202,Apples,FL,34119
8363,Apples,9584 Trevi CT 5218,Apples,FL,34113
8364,Apples,4895 Bonita Beach RD 106,BONITA SPRINGS,FL,34134
8365,Apples,114 Cypress WAY E D3,Apples,FL,34110
8366,Apples,2328 Broadwing CT ,Apples,FL,34105
8367,Apples,8025 Gopher Tortoise TRL ,LEHIGH ACRES,FL,33972
8368,Apples,8988 Crooked Stick CT ,Apples,FL,34113
8369,Apples,3369 Cerrito CT ,Apples,FL,34109
8370,Apples,689 109th AVE N ,Apples,FL,34108
8371,Apples,12687 Kentwood AVE ,FORT MYERS,FL,33913
8372,Apples,3896 Gibralter DR ,Apples,FL,34119
8373,Apples,881 Panama CT 311,MARCO ISLAND,FL,34145
8374,Apples,23011 Grassy Pine DR ,ESTERO,FL,33928
8375,Apples,400 Valley Stream DR 111,Apples,FL,34113
8376,Apples,430 Cove Tower DR 903,Apples,FL,34110
8377,Apples,850 6TH AVE N 303,Apples,FL,34102
8378,Apples,589 Tripoli CT ,MARCO ISLAND,FL,34145
8379,Apples,166 Bermuda RD ,MARCO ISLAND,FL,34145
8380,Apples,4053 Sawgrass LN ,Apples,FL,34112
8381,Apples,424 Ridge DR ,Apples,FL,34108
8382,Apples,16109 Sand Ridge CT ,FORT MYERS,FL,33908
8383,Apples,2777 Gulf Shore BLVD N 3N,Apples,FL,34103
8384,Apples,4005 17th AVE ,CAPE CORAL,FL,33914
8385,Apples,8511 PALACIO TER N ,Apples,FL,34114
8386,Apples,5436 Freeport LN ,Apples,FL,34119
8387,Apples,27700 Kings Kew ,BONITA SPRINGS,FL,34134
8388,Apples,1011 Swallow AVE 205,MARCO ISLAND,FL,34145
8389,Apples,528 36th ST ,CAPE CORAL,FL,33904
8390,Apples,1198 Sweetwater LN 1904,Apples,FL,34110
8391,Apples,15536 Monterosso LN 202,Apples,FL,34110
8392,Apples,626 Parkview LN ,Apples,FL,34103
8393,Apples,2021 16th AVE SW ,Apples,FL,34117
8394,Apples,8560 Violeta ST 203,ESTERO,FL,34135
8395,Apples,8667 Patty Berg CT ,FORT MYERS,FL,33919
8396,Apples,11305 Monte Carlo BLVD 201,BONITA SPRINGS,FL,34135
8397,Apples,1015 22nd AVE N ,Apples,FL,34103
8398,Apples,2008 Tarpon Bay DR N 202,Apples,FL,34119
8399,Apples,10352 Porto Romano DR ,MIROMAR LAKES,FL,33913
8400,Apples,19981 Barletta LN 1821,ESTERO,FL,33928
8401,Apples,7625 Arbor Lakes CT 325,Apples,FL,34112
8402,Apples,4751 Gulf Shore BLVD N 1203,Apples,FL,34103
8403,Apples,160 Palm ST 302,MARCO ISLAND,FL,34145
8404,Apples,265 Barefoot Beach BLVD 503,BONITA SPRINGS,FL,34134
8405,Apples,254 Edgemere WAY E ,Apples,FL,34105
8406,Apples,1675 Vinland WAY ,Apples,FL,34105
8407,Apples,12955 Positano CIR 308,Apples,FL,34105
8408,Apples,5700 Cypress Hollow WAY ,Apples,FL,34109
8409,Apples,9112 Napoli CT 102,Apples,FL,34113
8410,Apples,3975 4th AVE NE ,Apples,FL,34120
8411,Apples,1111 Central AVE 507,Apples,FL,34102
8412,Apples,8345 Whisper Trace WAY I-203,Apples,FL,34114
8413,Apples,1395 Remington CT 201,Apples,FL,34110
8414,Apples,3465 Laurel Greens LN S 101,Apples,FL,34119
8415,Apples,5927 Three Iron DR 3101,Apples,FL,34110
8416,Apples,2660 Marley LN ,Apples,FL,34104
8417,Apples,13501 POND APPLE DR E ,Apples,FL,34119
8418,Apples,9298 Chiasso Cove CT ,Apples,FL,34114
8419,Apples,7320 Glenmoor LN 2108,Apples,FL,34104
8420,Apples,5964 Sand Wedge LN 304,Apples,FL,34110
8421,Apples,1300 Gulf Shore BLVD N 700,Apples,FL,34102
8422,Apples,12049 Covent Garden CT 2003,Apples,FL,34120
8423,Apples,93 Silver Oaks CIR 3202,Apples,FL,34119
8424,Apples,539 Cormorant CV ,Apples,FL,34113
8425,Apples,3215 Gulf Shore BLVD N 701N,Apples,FL,34103
8426,Apples,2585 27th ST ,CAPE CORAL,FL,33914
8427,Apples,5940 Via Lugano 1-102,Apples,FL,34108
8428,Apples,16586 Crescent Beach WAY ,BONITA SPRINGS,FL,34135
8429,Apples,5 Bluebill AVE 104,Apples,FL,34108
8430,Apples,17 Bluebill AVE 301,Apples,FL,34108
8431,Apples,14879 Edgewater CIR ,Apples,FL,34114
8432,Apples,5007 13th AVE ,CAPE CORAL,FL,33914
8433,Apples,181 7th ST SW ,Apples,FL,34117
8434,Apples,8216 Sanctuary DR 96-1,Apples,FL,34104
8435,Apples,8499 Palacio TER N ,Apples,FL,34114
8436,Apples,901 Huron CT C5,MARCO ISLAND,FL,34145
8437,Apples,39 Pelican ST W ,Apples,FL,34113
8438,Apples,13761 Tonbridge CT ,BONITA SPRINGS,FL,34135
8439,Apples,1069 Bald Eagle DR S-702,MARCO ISLAND,FL,34145
8440,Apples,19633 Vintage Trace CIR ,ESTERO,FL,33967
8441,Apples,8957 Malibu ST 501,Apples,FL,34113
8442,Apples,2741 32nd AVE SE ,Apples,FL,34117
8443,Apples,5800 Glencove DR 204,Apples,FL,34108
8444,Apples,2562 70th AVE NE ,Apples,FL,34120
8445,Apples,11909 Heather Woods CT ,Apples,FL,34120
8446,Apples,9499 Napoli LN 201,Apples,FL,34113
8447,Apples,1613 Vizcaya LN ,Apples,FL,34113
8448,Apples,1 High Point CIR W 304,Apples,FL,34103
8449,Apples,1220 Commonwealth CIR M-205,Apples,FL,34116
8450,Apples,2900 Gulf Shore BLVD N 415,Apples,FL,34103
8451,Apples,5740 Everglades BLVD N ,Apples,FL,34120
8452,Apples,1411 20th AVE ,CAPE CORAL,FL,33909
8453,Apples,4617 9th AVE ,CAPE CORAL,FL,33914
8454,Apples,10744 Crossback LN ,LEHIGH ACRES,FL,33936
8455,Apples,10748 Crossback LN ,LEHIGH ACRES,FL,33936
8456,Apples,220 MANATEE ST ,FORT MYERS,FL,33913
8457,Apples,10519 Crossback LN ,LEHIGH ACRES,FL,33936
8458,Apples,5044 42nd ST NE ,Apples,FL,34120
8459,Apples,4401 Gulf Shore BLVD N B-303,Apples,FL,34103
8460,Apples,4975 Sandra Bay DR 7-201,Apples,FL,34109
8461,Apples,4863 Hampshire CT 4-203,Apples,FL,34112
8462,Apples,2022 Pine Isle LN 2022,Apples,FL,34112
8463,Apples,1710 Golden Gate BLVD E ,Apples,FL,34117
8464,Apples,749 103rd AVE N ,Apples,FL,34108
8465,Apples,6939 Rain Lily CT 101,Apples,FL,34109
8466,Apples,140 Palm ST 413,MARCO ISLAND,FL,34145
8467,Apples,1875 Les Chateaux BLVD 7-201,Apples,FL,34109
8468,Apples,16364 Viansa WAY 7-302,Apples,FL,34110
8469,Apples,25031 Banbridge CT 202,BONITA SPRINGS,FL,34134
8470,Apples,16364 Viansa WAY 7-102,Apples,FL,34110
8471,Apples,15861 Marcello CIR 79,Apples,FL,34110
8472,Apples,3780 SAWGRASS WAY 3343,Apples,FL,34112
8473,Apples,15544 Marcello CIR 204,Apples,FL,34110
8474,Apples,427 Nassau CT ,MARCO ISLAND,FL,34145
8475,Apples,16370 Viansa WAY 6-101,Apples,FL,34110
8476,Apples,16359 Viansa WAY 15-102,Apples,FL,34110
8477,Apples,1109 Egrets Walk CIR 204,Apples,FL,34108
8478,Apples,8125 Celeste DR 5216,Apples,FL,34113
8479,Apples,4390 11th AVE SW ,Apples,FL,34116
8480,Apples,1944 Mustique ST ,Apples,FL,34120
8481,Apples,16433 Carrara WAY 12-301,Apples,FL,34110
8482,Apples,333 Harbour DR 106,Apples,FL,34103
8483,Apples,6849 Grenadier BLVD 404,Apples,FL,34108
8484,Apples,2880 Gulf Shore BLVD N 506,Apples,FL,34103
8485,Apples,3358 Pacific DR ,Apples,FL,34119
8486,Apples,240 Pebble Beach BLVD 704,Apples,FL,34113
8487,Apples,4041 Gulf Shore BLVD N 704,Apples,FL,34103
8488,Apples,1035 3rd AVE S 410,Apples,FL,34102
8489,Apples,4251 Gulf Shore BLVD N 6B,Apples,FL,34103
8490,Apples,23644 Via Carino LN ,BONITA SPRINGS,FL,34135
8491,Apples,8739 Coastline CT 201,Apples,FL,34120
8492,Apples,3920 Fabienne CT ,Apples,FL,34109
8493,Apples,9603 Hemingway LN 4010,FORT MYERS,FL,33913
8494,Apples,1681 San Marco RD ,MARCO ISLAND,FL,34145
8495,Apples,970 Cape Marco DR 701,MARCO ISLAND,FL,34145
8496,Apples,1085 Bald Eagle DR B305,MARCO ISLAND,FL,34145
8497,Apples,9413 Campanile CIR ,Apples,FL,34114
8498,Apples,12924 Valewood DR ,Apples,FL,34119
8499,Apples,2189 San Marco RD 201,MARCO ISLAND,FL,34145
8500,Apples,642 Myrtle RD ,Apples,FL,34108
8501,Apples,9283 Museo CIR 103,Apples,FL,34114
8502,Apples,849 Carrick Bend CIR 202,Apples,FL,34110
8503,Apples,23580 Walden Center DR 105,ESTERO,FL,34134
8504,Apples,317 14th AVE NW ,Apples,FL,34120
8505,Apples,4040 16 AVE NE ,Apples,FL,34120
8506,Apples,4604 Navassa LN ,Apples,FL,34119
8507,Apples,5927 Burnham RD ,Apples,FL,34119
8508,Apples,9377 Scarlette Oak AVE ,FORT MYERS,FL,33967
8509,Apples,5343 Whitten DR Unit #87,Apples,FL,34104
8510,Apples,4833 Hampshire CT 1-201,Apples,FL,34112
8511,Apples,1200 Misty Pines CIR C-102,Apples,FL,34105
8512,Apples,901 Marblehead DR B-1,Apples,FL,34104
8513,Apples,351 Neapolitan WAY ,Apples,FL,34103
8514,Apples,8735 Coastline CT 101,Apples,FL,34120
8515,Apples,3465 68th AVE NE ,Apples,FL,34120
8516,Apples,7619 Jacaranda LN ,Apples,FL,34114
8517,Apples,4430 Botanical Place CIR 101,Apples,FL,34112
8518,Apples,680 Palm View DR 5,Apples,FL,34110
8519,Apples,9407 Quarry DR ,Apples,FL,34120
8520,Apples,480 Bermuda Cove WAY 1-104,Apples,FL,34110
8521,Apples,10358 Quail Crown DR 12,Apples,FL,34119
8522,Apples,6760 Sable Ridge LN ,Apples,FL,34109
8523,Apples,1069 Bald Eagle DR S-601,MARCO ISLAND,FL,34145
8524,Apples,776 16th AVE S ,Apples,FL,34102
8525,Apples,6897 Grenadier BLVD 206,Apples,FL,34108
8526,Apples,7606 Jacaranda LN ,Apples,FL,34114
8527,Apples,625 Beachwalk CIR G-104,Apples,FL,34108
8528,Apples,1426 San Marco RD ,MARCO ISLAND,FL,34145
8529,Apples,4101 Gulf Shore BLVD N 9S,Apples,FL,34103
8530,Apples,2963 4th AVE SE ,Apples,FL,34117
8531,Apples,1100 Gulf Shore BLVD N 306,Apples,FL,34102
8532,Apples,10349 Heritage Bay BLVD 2137,Apples,FL,34120
8533,Apples,13601 Worthington WAY 1211,BONITA SPRINGS,FL,34135
8534,Apples,4177 6th AVE SE ,Apples,FL,34117
8535,Apples,300 Valley Stream DR A-3,Apples,FL,34113
8536,Apples,940 Oakes BLVD ,Apples,FL,34119
8537,Apples,1824 Alamanda DR ,Apples,FL,34102
8538,Apples,11125 Gulf Shore DR PH-4,Apples,FL,34108
8539,Apples,440 Seaview CT 111,MARCO ISLAND,FL,34145
8540,Apples,2372 Hidden Lake DR 6,Apples,FL,34112
8541,Apples,5705 Mayflower WAY 1405,AVE MARIA,FL,34142
8542,Apples,9121 Glenforest DR ,Apples,FL,34120
8543,Apples,8459 Borboni CT ,Apples,FL,34114
8544,Apples,9114 Capistrano ST S 8501,Apples,FL,34113
8545,Apples,460 Launch CIR 404,Apples,FL,34108
8546,Apples,4601 ARBORETUM CIR 102,Apples,FL,34112
8547,Apples,3881 Kens WAY 4303,BONITA SPRINGS,FL,34134
8548,Apples,4602 ARBORETUM CIR 202,Apples,FL,34112
8549,Apples,5990 Berwick LN ,AVE MARIA,FL,34142
8550,Apples,835 Tanbark DR 201,Apples,FL,34108
8551,Apples,6250 Bellerive AVE 5-502,Apples,FL,34119
8552,Apples,46 Thorncrest LN ,Apples,FL,34113
8553,Apples,6586 Caldecott DR ,Apples,FL,34113
8554,Apples,4751 Gulf Shore BLVD N 1205,Apples,FL,34103
8555,Apples,951 Royal Marco WAY ,MARCO ISLAND,FL,34145
8556,Apples,5769 Mayflower WAY ,AVE MARIA,FL,34142
8557,Apples,20561 Porthole CT ,ESTERO,FL,33928
8558,Apples,25740 Hickory BLVD 540-D,BONITA SPRINGS,FL,34134
8559,Apples,225 Conners AVE ,Apples,FL,34108
8560,Apples,772 104th AVE N ,Apples,FL,34108
8561,Apples,13010 Positano CIR 303,Apples,FL,34105
8562,Apples,240 Collier BLVD H3,MARCO ISLAND,FL,34145
8563,Apples,21746 Belvedere LN ,ESTERO,FL,33928
8564,Apples,1900 Sandpiper ST ,Apples,FL,34102
8565,Apples,14697 Sonoma BLVD ,Apples,FL,34114
8566,Apples,13 High Point CIR N 307,Apples,FL,34103
8567,Apples,14569 Speranza WAY ,BONITA SPRINGS,FL,34135
8568,Apples,4720 Kensington CIR ,Apples,FL,34119
8569,Apples,2738 Tiburon BLVD E B-406,Apples,FL,34109
8570,Apples,7755 Jewel LN 101,Apples,FL,34109
8571,Apples,1282 Mulberry CT ,MARCO ISLAND,FL,34145
8572,Apples,1040 2nd ST S ,Apples,FL,34102
8573,Apples,2805 Cypress Trace CIR 203,Apples,FL,34119
8574,Apples,3443 Gulf Shore BLVD N 305,Apples,FL,34103
8575,Apples,3403 54th AVE NE ,Apples,FL,34120
8576,Apples,28631 Carriage Home DR 202,BONITA SPRINGS,FL,34134
8577,Apples,4751 Gulf Shore BLVD N 1104,Apples,FL,34103
8578,Apples,5436 16th PL SW D-4,Apples,FL,34116
8579,Apples,100 Glades BLVD 684,Apples,FL,34112
8580,Apples,1900 Gulf Shore BLVD N 201,Apples,FL,34102
8581,Apples,1400 Pompei LN 67,Apples,FL,34103
8582,Apples,23151 Fashion DR 213,ESTERO,FL,33928
8583,Apples,236 Monterey DR ,Apples,FL,34119
8584,Apples,8515 Chase Preserve DR ,Apples,FL,34113-2692
8585,Apples,2352 Gulf Shore BLVD N 704,Apples,FL,34103
8586,Apples,6564 Marbella LN ,Apples,FL,34105
8587,Apples,320 Seaview CT 1201,MARCO ISLAND,FL,34145
8588,Apples,798 Eagle Creek DR 304,Apples,FL,34113
8589,Apples,1111 Serenity WAY ,IMMOKALEE,FL,34142
8590,Apples,4567 Key Largo LN ,BONITA SPRINGS,FL,34134
8591,Apples,801 RIVER POINT DR 305A,Apples,FL,34102
8592,Apples,12420 Blasingim RD ,FORT MYERS,FL,33966
8593,Apples,1330 Charleston Square DR 201,Apples,FL,34110
8594,Apples,6955 Verde WAY ,Apples,FL,34108
8595,Apples,3684 66th AVE NE ,Apples,FL,34120
8596,Apples,2855 Tiburon BLVD E 101,Apples,FL,34109
8597,Apples,11413 Golden Eagle CT ,Apples,FL,34120
8598,Apples,4853 Hampshire CT 303,Apples,FL,34112
8599,Apples,300 Dunes BLVD 304,Apples,FL,34110
8600,Apples,16571 Crescent Beach WAY ,BONITA SPRINGS,Fl,34135
8601,Apples,351 Emerald Bay CIR R-2,Apples,FL,34110
8602,Apples,7909 Umberto CT ,Apples,FL,34114
8603,Apples,10043 Florence CIR ,Apples,FL,34119
8604,Apples,20230 Chapel TRCE ,ESTERO,FL,33928
8605,Apples,3715 Montreux LN 101,Apples,FL,34114
8606,Apples,3937 Cordgrass WAY D-8,Apples,FL,34112
8607,Apples,8840 Cascade Price CIR ,NORTH FORT MYERS,FL,33917
8608,Apples,8820 Swell Brooks CT ,NORTH FORT MYERS,FL,33917
8609,Apples,8792 Swell Brooks CT ,NORTH FORT MYERS,FL,33917
8610,Apples,16659 Lucarno WAY ,Apples,FL,34110
8611,Apples,28475 Captiva Shell LOOP ,BONITA SPRINGS,FL,34135
8612,Apples,28488 Captiva Shell LOOP ,BONITA SPRINGS,FL,34135
8613,Apples,28474 Captiva Shell LOOP ,BONITA SPRINGS,FL,34135
8614,Apples,27800 Old Seaboard RD ,BONITA SPRINGS,FL,34135
8615,Apples,378 Palm DR 2,Apples,FL,34112
8616,Apples,5776 Deauville CIR C106,Apples,FL,34112
8617,Apples,3935 Loblolly Bay DR 1-206,Apples,FL,34114
8618,Apples,228 Fox Glen DR 3205,Apples,FL,34104
8619,Apples,7528 Oleander Gate DR B-104,Apples,FL,34109
8620,Apples,850 New Waterford DR P-102,Apples,FL,34104
8621,Apples,6673 Marbella LN ,Apples,FL,34105
8622,Apples,671 Wiggins Lake DR 202,Apples,FL,34110
8623,Apples,740 Collier BLVD 2-208,MARCO ISLAND,FL,34145
8624,Apples,7160 Falcons Glen BLVD ,Apples,FL,34113
8625,Apples,940 Cape Marco DR 1906,MARCO ISLAND,FL,34145
8626,Apples,4425 8th AVE NE ,Apples,FL,34120
8627,Apples,5735 Grande Reserve WAY 4-402,Apples,FL,34110
8628,Apples,2365 Mont Claire DR 102,Apples,FL,34109
8629,Apples,4445 8th AVE NE ,Apples,FL,34120
8630,Apples,740 Collier BLVD 407,MARCO ISLAND,FL,34145
8631,Apples,5209 Perry LN ,Apples,FL,34113
8632,Apples,14584 Juniper Point LN ,Apples,FL,34110
8633,Apples,300 Dunes BLVD TL103,Apples,FL,34110
8634,Apples,18061 Lagos WAY ,Apples,FL,34110
8635,Apples,16566 Crescent Beach WAY ,BONITA SPRINGS,FL,34135
8636,Apples,8260 Ibis Cove CIR B-226,Apples,FL,34119
8637,Apples,10814 ALVARA WAY ,BONITA SPRINGS,FL,34135
8638,Apples,499 Terracina WAY ,Apples,FL,34119
8639,Apples,15772 Marcello CIR 179,Apples,FL,34110
8640,Apples,15073 Estuary CIR ,BONITA SPRINGS,FL,34135
8641,Apples,11006 Castlereagh ST ,FORT MYERS,FL,33913
8642,Apples,14819 Laguna DR 202,FORT MYERS,FL,33908
8643,Apples,3855 Isla Del Sol WAY ,Apples,FL,34114
8644,Apples,3092 4th ST NE ,Apples,FL,34120
8645,Apples,5236 Starfish AVE ,Apples,FL,34103
8646,Apples,264 Ground Dove CIR ,LEHIGH ACRES,FL,33936
8647,Apples,2115 36th TER ,CAPE CORAL,FL,33909
8648,Apples,250 Palm River BLVD B102,Apples,FL,34110
8649,Apples,3860 Sawgrass WAY 2625,Apples,FL,34112
8650,Apples,4991 Bonita Bay Blvd 902,BONITA SPRINGS,FL,34134
8651,Apples,9209 Quartz LN 201,Apples,FL,34120
8652,Apples,11788 Grand Belvedere WAY 202,FORT MYERS,FL,33913
8653,Apples,10673 Camarelle CIR ,FORT MYERS,FL,33913
8654,Apples,11788 Grand Belvedere WAY 102,FORT MYERS,FL,33913
8655,Apples,5343 Ferrari AVE ,AVE MARIA,FL,34142
8656,Apples,7821 Great Heron WAY 202,Apples,FL,34104
8657,Apples,2318 36th ST ,CAPE CORAL,FL,33909
8658,Apples,4500 13th AVE SW ,Apples,FL,34116
8659,Apples,4645 Winged Foot CT 6-202,Apples,FL,34112
8660,Apples,3820 10th PL ,CAPE CORAL,FL,33909
8661,Apples,26310 Summer Greens DR ,BONITA SPRINGS,FL,34135
8662,Apples,4028 8th PL ,CAPE CORAL,FL,33909
8663,Apples,1118 39th TER ,CAPE CORAL,FL,33909
8664,Apples,1513 36th ST ,CAPE CORAL,FL,33909
8665,Apples,901 Huron CT D3,MARCO ISLAND,FL,34145
8666,Apples,13191 Bridgeford AVE ,BONITA SPRINGS,FL,34135
8667,Apples,2800 Gulf Shore BLVD N 109,Apples,FL,34103
8668,Apples,23769 Pebble Pointe LN ,ESTERO,FL,34135
8669,Apples,20042 Larino LOOP ,ESTERO,FL,33928
8670,Apples,28431 Captiva Shell LOOP ,BONITA SPRINGS,FL,34135
8671,Apples,4482 Caldera CIR ,Apples,FL,34119
8672,Apples,4101 Gulf Shore BLVD N 15S,Apples,FL,34103
8673,Apples,4010 Loblolly Bay DR 9-101,Apples,FL,34114
8674,Apples,595 Serendipity DR 595,Apples,FL,34108
8675,Apples,15 Watercolor WAY 15,Apples,FL,34113
8676,Apples,782 15th ST SW ,Apples,FL,34117
8677,Apples,749 Landover CIR 203,Apples,FL,34104
8678,Apples,7826 Great Heron WAY 301,Apples,FL,34104
8679,Apples,9110 Crystal CT ,Apples,FL,34120
8680,Apples,9834 Giaveno CIR 1731,Apples,FL,34113
8681,Apples,9261 Triana TER 134,FORT MYERS,FL,33912
8682,Apples,2958 Cinnamon Bay CIR ,Apples,FL,34119
8683,Apples,11840 Liana ST 9103,FORT MYERS,FL,33912
8684,Apples,825 Elkcam CIR 1-102,MARCO ISLAND,FL,34145
8685,Apples,16 Golf Cottage DR ,Apples,FL,34105
8686,Apples,4645 66th AVE NE ,Apples,FL,34120
8687,Apples,9364 Vercelli CT ,Apples,FL,34113
8688,Apples,13 Pepita ST ,FORT MYERS BEACH,FL,33931
8689,Apples,4175 1st AVE NW ,Apples,FL,34119
8690,Apples,1530 5th AVE S C-202,Apples,FL,34102
8691,Apples,4451 Gulf Shore BLVD N 803,Apples,FL,34103
8692,Apples,2400 Gulf Shore BLVD N 205,Apples,FL,34103
8693,Apples,6260 Huntington Lakes CIR 104,Apples,FL,34119
8694,Apples,39 Collier BLVD 1-206,MARCO ISLAND,FL,34145
8695,Apples,4280 8th AVE NE ,Apples,FL,34120
8696,Apples,4325 10th AVE SE ,Apples,FL,34117
8697,Apples,23660 Walden Center DR 105,ESTERO,FL,34134
8698,Apples,10115 Sunshine DR ,BONITA SPRINGS,FL,34135
8699,Apples,1144 Egrets Walk CIR 202,Apples,FL,34108
8700,Apples,2295 Carrington CT 101,Apples,FL,34109
8701,Apples,4281 24TH AVE SE ,Apples,FL,34117
8702,Apples,4004 Crayton RD ,Apples,FL,34103
8703,Apples,23221 Foxtail Creek CT ,ESTERO,FL,34135
8704,Apples,715 Hideaway Circle W ,MARCO ISLAND,Fl,34145
8705,Apples,2509 10TH AVE SE ,Apples,FL,34117
8706,Apples,1880 Par DR ,Apples,FL,34120
8707,Apples,4730 Shinnecock Hills CT 3-201,Apples,FL,34112
8708,Apples,15380 Cortona WAY ,FORT MYERS,FL,33908
8709,Apples,15330 Cortona WAY ,FORT MYERS,FL,33908
8710,Apples,4675 Winged Foot CT 3-103,Apples,FL,34112
8711,Apples,1118 20th ST ,CAPE CORAL,FL,33993
8712,Apples,4672 Ossabaw WAY ,Apples,FL,34119
8713,Apples,839 Nyasa AVE ,FORT MYERS,FL,33913
8714,Apples,7776 Orvieto CT ,Apples,FL,34114
8715,Apples,3171 45th AVE NE ,Apples,FL,34120
8716,Apples,5206 40th ST NE ,Apples,FL,34120
8717,Apples,9066 Water Tupelo RD ,FORT MYERS,FL,33912
8718,Apples,15043 Summit Place CIR 45,Apples,FL,34119
8719,Apples,15954 Marcello CIR 248,Apples,FL,34110
8720,Apples,194 Santa Clara DR 194-3,Apples,FL,34104
8721,Apples,460 12th AVE NW ,Apples,FL,34120
8722,Apples,19468 Caladesi DR ,ESTERO,FL,33967
8723,Apples,1001 Arbor Lake DR 804,Apples,FL,34110
8724,Apples,701 Crossfield CIR ,Apples,FL,34104
8725,Apples,421 13th ST NW ,Apples,FL,34120
8726,Apples,3945 Deer Crossing CT 202,Apples,FL,34114
8727,Apples,711 4th ST SE ,Apples,FL,34117
8728,Apples,8115 Celeste DR 6112,Apples,FL,34113
8729,Apples,3310 9th AVE ,CAPE CORAL,FL,33909
8730,Apples,264 8th AVE S ,Apples,FL,34102
8731,Apples,3408 8th PL ,CAPE CORAL,FL,33909
8732,Apples,580 El Camino Real 3206,Apples,FL,34119
8733,Apples,3615 12th AVE ,CAPE CORAL,FL,33909
8734,Apples,28032 Bridgetown CT 4714,BONITA SPRINGS,FL,34135
8735,Apples,3721 23rd AVE ,CAPE CORAL,FL,33909
8736,Apples,6573 Marissa LOOP 601,Apples,FL,34108
8737,Apples,4409 21st PL ,CAPE CORAL,FL,33909
8738,Apples,28750 Trails Edge BLVD 203,BONITA SPRINGS,FL,34134
8739,Apples,600 Neapolitan WAY 351,Apples,FL,34103-1901
8740,Apples,3710 Fieldstone BLVD 5-104,Apples,FL,34109
8741,Apples,12730 Glen Hollow DR ,BONITA SPRINGS,FL,34135
8742,Apples,7827 Ionio CT ,Apples,FL,34114
8743,Apples,170 Cypress WAY E 5B,Apples,FL,34110
8744,Apples,2475 Santa Barbara BLVD ,Apples,FL,34116
8745,Apples,2115 Arielle DR 2601,Apples,FL,34109
8746,Apples,15202 Brolio WAY ,Apples,FL,34110
8747,Apples,3222 Quilcene LN ,Apples,FL,34114
8748,Apples,4452 Aurora ST ,Apples,FL,34119
8749,Apples,14528 Lieto LN ,BONITA SPRINGS,FL,34135
8750,Apples,4301 19th PL SW ,Apples,FL,34116
8751,Apples,9242 Vanderbilt DR ,Apples,FL,34108
8752,Apples,7399 Lantana CIR ,Apples,FL,34119
8753,Apples,1285 Gulf Shore BLVD N 5C,Apples,FL,34102
8754,Apples,14748 Cranberry CT ,Apples,FL,34114
8755,Apples,610 Club Marco CIR 202,MARCO ISLAND,FL,34145
8756,Apples,1977 Gulf Shore BLVD N 502,Apples,FL,34102
8757,Apples,12351 Woodrose CT 4,FORT MYERS,FL,33907
8758,Apples,11804 Meadowrun CIR ,FORT MYERS,FL,33913
8759,Apples,11796 Meadowrun CIR ,FORT MYERS,FL,33913
8760,Apples,4760 Formosa DR ,Apples,FL,34119
8761,Apples,15301 Floresta LN ,FORT MYERS,FL,33908
8762,Apples,6510 Valen WAY B-305,Apples,FL,34108
8763,Apples,23291 Sanabria LOOP ,BONITA SPRINGS,FL,34135
8764,Apples,28 Queen Palm DR 28,Apples,FL,34114
8765,Apples,15311 Floresta LN ,FORT MYERS,FL,33908
8766,Apples,15321 Floresta LN ,FORT MYERS,FL,33908
8767,Apples,1983 Imperial Golf Course BLVD ,Apples,FL,34110
8768,Apples,801 Collier BLVD N-305,MARCO ISLAND,FL,34145
8769,Apples,2390 Bayou LN 6,Apples,FL,34112
8770,Apples,201 Arbor Lake DR 2-202,Apples,FL,34110
8771,Apples,9287 Museo CIR 101,Apples,FL,34114
8772,Apples,14234 Charthouse CIR ,Apples,FL,34114
8773,Apples,380 Seaview CT 1509,MARCO ISLAND,FL,34145
8774,Apples,14105 Lavante CT ,BONITA SPRINGS,FL,34135
8775,Apples,4151 Gulf Shore BLVD N PH-3N,Apples,FL,34103
8776,Apples,121 Marseille DR ,Apples,FL,34112
8777,Apples,199 Coconut Palm CIR 199,Apples,FL,34114
8778,Apples,1420 Jewel Box AVE ,Apples,FL,34102
8779,Apples,6499 Everglades BLVD N ,Apples,FL,34104
8780,Apples,119 51st TER ,CAPE CORAL,FL,33914
8781,Apples,3000 Oasis Grand BLVD LPH3,FORT MYERS,FL,33916
8782,Apples,231 La Peninsula BLVD 231,Apples,FL,34113
8783,Apples,5161 Teak Wood DR 95,Apples,FL,34119
8784,Apples,8175 Celeste DR 1231,Apples,FL,34113
8785,Apples,7025 Dennis CIR G-203,Apples,FL,34104
8786,Apples,2863 Tiburon BLVD E 101,Apples,FL,34109
8787,Apples,1030 3rd AVE S 117,Apples,FL,34102
8788,Apples,817 Vistana CIR ,Apples,FL,34119
8789,Apples,9494 Napoli LN 102,Apples,FL,34113
8790,Apples,7092 Timberland CIR 1-102,Apples,FL,34109
8791,Apples,1290 Yesica Ann CIR G-102,Apples,FL,34110
8792,Apples,1158 Oakes BLVD ,Apples,FL,34119
8793,Apples,5070 Cedar Springs DR 102,Apples,FL,34110
8794,Apples,3150 Midship DR ,NORTH FORT MYERS,FL,33903
8795,Apples,1110 Coconut CIR W ,Apples,FL,34104
8796,Apples,9107 Capistrano ST S 7801,Apples,FL,34113
8797,Apples,5855 Westbourgh CT ,Apples,FL,34112
8798,Apples,165 Wading Bird CIR M-202,Apples,FL,34110
8799,Apples,571 107th AVE N ,Apples,FL,34108
8800,Apples,1633 Songbird CT ,Apples,FL,34120
8801,Apples,3536 Cherry Blossom CT 203,ESTERO,FL,33928
8802,Apples,16112 Palmetto ST ,PUNTA GORDA,FL,33982
8803,Apples,2323 Tradition WAY 201,Apples,FL,34105
8804,Apples,669 Grand Rapids BLVD ,Apples,FL,34120
8805,Apples,4420 Botanical Place CIR 405,Apples,FL,34112
8806,Apples,2738 Tiburon BLVD E B-206,Apples,FL,34109
8807,Apples,800 Golf DR S-109,Apples,FL,34102
8808,Apples,4310 11th ST SW ,LEHIGH ACRES,FL,33976
8809,Apples,8390 Big Acorn CIR 1104,Apples,FL,34119
8810,Apples,2331 19th ST SW ,Apples,FL,34117
8811,Apples,7869 Clemson ST 201,Apples,FL,34104
8812,Apples,2390 Ravenna BLVD 101,Apples,FL,34109
8813,Apples,3315 Europa DR 123,Apples,FL,34105
8814,Apples,9059 CASCADA WAY 102,Apples,FL,34114
8815,Apples,14783 Spinnaker WAY ,Apples,FL,34114
8816,Apples,5 Maui CIR 5,Apples,FL,34112
8817,Apples,14669 Reserve LN ,Apples,FL,34109
8818,Apples,2361 Anguilla DR 102,Apples,FL,34120
8819,Apples,2360 Anguilla DR 102,Apples,FL,34120
8820,Apples,28490 Capraia DR ,BONITA SPRINGS,FL,34135
8821,Apples,7930 Estero BLVD PH-4,FORT MYERS BEACH,FL,33931
8822,Apples,9042 Bronco CT ,Apples,FL,34113
8823,Apples,2361 Anguilla DR 202,Apples,FL,34120
8824,Apples,1302 Park Lake DR ,Apples,FL,34110
8825,Apples,4130 1st AVE SW ,Apples,FL,34119
8826,Apples,10878 Stonington AVE ,FORT MYERS,FL,33913
8827,Apples,2360 Anguilla DR 202,Apples,FL,34120
8828,Apples,76 6th AVE S ,Apples,FL,34102
8829,Apples,5916 Three Iron DR 2603,Apples,FL,34110
8830,Apples,8022 Gopher Tortoise TRL ,LEHIGH ACRES,FL,33972
8831,Apples,8020 Gopher Tortoise TRL ,LEHIGH ACRES,FL,33972
8832,Apples,2736 4th PL ,CAPE CORAL,FL,33909
8833,Apples,1708 29th TER ,CAPE CORAL,FL,33991
8834,Apples,23461 Alamanda DR 101,ESTERO,FL,34135
8835,Apples,2212 18th TER ,CAPE CORAL,FL,33991
8836,Apples,10040 Boca AVE S ,Apples,FL,34109
8837,Apples,2820 21st AVE ,CAPE CORAL,FL,33991
8838,Apples,1213 22nd ST ,CAPE CORAL,FL,33991
8839,Apples,3400 Gold Flower ST ,ALVA,FL,33920
8840,Apples,19611 Tesoro WAY ,ESTERO,FL,33967
8841,Apples,1300 Henley ST 1806,Apples,FL,34105
8842,Apples,1966 Terrazzo LN ,Apples,FL,34104
8843,Apples,25776 Lake Amelia WAY 202,BONITA SPRINGS,FL,34135
8844,Apples,407 Kendall DR ,MARCO ISLAND,FL,34145
8845,Apples,3443 Gulf Shore BLVD N 714,Apples,FL,34103
8846,Apples,2295 Snook DR ,Apples,FL,34102
8847,Apples,10212 Via Colomba CIR ,FORT MYERS,FL,33966
8848,Apples,2907 Gilford WAY ,Apples,FL,34119
8849,Apples,6918 Satinleaf RD N 202,Apples,FL,34109
8850,Apples,1024 Anglers CV C-503,MARCO ISLAND,FL,34145
8851,Apples,5667 Rattlesnake Hammock RD 302B,Apples,FL,34113
8852,Apples,21729 Bella Terra BLVD ,ESTERO,FL,33928
8853,Apples,26291 Squire LN ,BONITA SPRINGS,FL,34135
8854,Apples,486 Collier BLVD ,MARCO ISLAND,FL,34145
8855,Apples,14526 Kelson CIR ,Apples,FL,34114
8856,Apples,279 Forest Hills BLVD ,Apples,FL,34113
8857,Apples,6597 Nicholas BLVD 1805,Apples,FL,34108
8858,Apples,14641 Kelson CIR ,Apples,FL,34114
8859,Apples,167 Collier BLVD H8,MARCO ISLAND,FL,34145
8860,Apples,14630 Stillwater WAY ,Apples,FL,34114
8861,Apples,3962 Recreation LN ,Apples,FL,34116
8862,Apples,3505 Laurel Greens LN S 201,Apples,FL,34119
8863,Apples,9680 Monteverdi WAY ,FORT MYERS,FL,33912
8864,Apples,51 2nd AVE S ,Apples,FL,34102
8865,Apples,350 Collier BLVD 304,MARCO ISLAND,FL,34145
8866,Apples,9288 Menaggio CT 101,Apples,FL,34114
8867,Apples,8081 Players Cove DR 202,Apples,FL,34113
8868,Apples,14634 Stillwater WAY ,Apples,FL,34114
8869,Apples,606 103rd AVE N ,Apples,FL,34108
8870,Apples,4269 43rd AVE NE ,Apples,FL,34120
8871,Apples,5912 Three Iron DR 2402,Apples,FL,34110
8872,Apples,1491 Chesapeake AVE 4,Apples,FL,34102
8873,Apples,7840 Umberto CT ,Apples,FL,34114
8874,Apples,6072 Dogleg DR ,Apples,FL,34113
8875,Apples,9007 Cherry Oaks TRL 202,Apples,FL,34114
8876,Apples,201 Caribbean RD ,Apples,FL,34108
8877,Apples,13395 Silktail DR ,Apples,FL,34109
8878,Apples,3066 Birchin LN ,FORT MYERS,FL,33916
8879,Apples,4149 Bloomfield ST ,FORT MYERS,FL,33916
8880,Apples,3057 Royal Gardens AVE ,FORT MYERS,FL,33916
8881,Apples,1214 Wildwood LN ,Apples,FL,34105
8882,Apples,3123 Royal Gardens AVE ,FORT MYERS,FL,33916
8883,Apples,110 Copperfield CT ,MARCO ISLAND,FL,34145
8884,Apples,9241 Spring Run BLVD 2206,ESTERO,FL,34135
8885,Apples,440 Seaview CT 1606,MARCO ISLAND,FL,34145
8886,Apples,17951 Bonita National BLVD 434,BONITA SPRINGS,FL,34135
8887,Apples,17450 Blueberry Hill DR A,FORT MYERS,FL,33908
8888,Apples,8121 Via Vecchia ,Apples,FL,34108
8889,Apples,2772 38th AVE SE ,Apples,FL,34117
8890,Apples,3425 Laurel Greens LN S 202,Apples,FL,34119
8891,Apples,5076 Arancia LN ,AVE MARIA,FL,34142
8892,Apples,21490 Strada Nuova CIR 209,ESTERO,FL,33928
8893,Apples,11101 Corsia Trieste WAY 205,BONITA SPRINGS,FL,34135
8894,Apples,773 Wiggins Lake DR 205,Apples,FL,34110
8895,Apples,57 Silver Oaks CIR 104,Apples,FL,34119
8896,Apples,1890 Della DR ,Apples,FL,34117
8897,Apples,176 Collier BLVD 405,MARCO ISLAND,FL,34145
8898,Apples,810 Meadowland DR D,Apples,FL,34108
8899,Apples,9400 Bramley TER ,FORT MYERS,FL,33967
8900,Apples,888 13th ST NW ,Apples,FL,34120
8901,Apples,8375 Heritage Links CT 1825,Apples,FL,34112
8902,Apples,2077 Isla De Palma CIR ,Apples,FL,34119
8903,Apples,333 Harbour DR 209,Apples,FL,34103
8904,Apples,3253 German Woods CT ,Apples,FL,34116
8905,Apples,1900 Gulf Shore BLVD N 304,Apples,FL,34102
8906,Apples,7300 Province WAY 1210,Apples,FL,34104
8907,Apples,4490 Wayside DR ,Apples,FL,34119
8908,Apples,410 Edgewater CT ,MARCO ISLAND,FL,34145
8909,Apples,469 Hartley ST ,MARCO ISLAND,FL,34145
8910,Apples,10997 Park AVE ,BONITA SPRINGS,FL,34135
8911,Apples,27 Watercolor WAY 27,Apples,FL,34113
8912,Apples,2 Water Oaks WAY 1-1.1,Apples,FL,34105
8913,Apples,2131 Hickeys Creekside DR ,ALVA,FL,33920
8914,Apples,14621 Bellino TER 202,BONITA SPRINGS,FL,34135
8915,Apples,693 Seaview CT A-207,MARCO ISLAND,FL,34145
8916,Apples,2012 18th ST ,CAPE CORAL,FL,33993
8917,Apples,22 Lanai CIR 22,Apples,FL,34112
8918,Apples,8111 Calle Canovas CT ,Apples,FL,34114
8919,Apples,3082 Windsong CT 304,Apples,FL,34109
8920,Apples,1290 Rialto WAY 201,Apples,FL,34114
8921,Apples,8107 Calle Canovas CT ,Apples,FL,34114
8922,Apples,580 El Camino Real 3403,Apples,FL,34119
8923,Apples,801 Teryl RD 2,Apples,FL,34112
8924,Apples,864 Rue Labeau CIR ,FORT MYERS,FL,33913
8925,Apples,3030 Binnacle DR 106,Apples,FL,34103
8926,Apples,23159 Amgci WAY 203,ESTERO,FL,33928
8927,Apples,354 Charlemagne BLVD E103,Apples,FL,34112
8928,Apples,1398 Redona WAY ,Apples,FL,34113
8929,Apples,3329 Runaway LN ,Apples,FL,34114
8930,Apples,1392 Churchill CIR O-202,Apples,FL,34116
8931,Apples,10256 Cobble Notch LOOP 101,BONITA SPRINGS,FL,34135
8932,Apples,8355 Lucello TER N ,Apples,FL,34114
8933,Apples,12521 Fenhurst WAY ,Apples,FL,34120
8934,Apples,28160 Sunset DR ,BONITA SPRINGS,FL,34134
8935,Apples,17290 Cherrywood CT 6102,BONITA SPRINGS,FL,34135
8936,Apples,2880 Tiburon BLVD E ,Apples,FL,34109
8937,Apples,1868 Dogwood DR ,MARCO ISLAND,FL,34145
8938,Apples,36 Algonquin CT ,MARCO ISLAND,FL,34145
8939,Apples,10345 Heritage Bay BLVD 2011,Apples,FL,34120
8940,Apples,1540 Galleon AVE ,MARCO ISLAND,FL,34145
8941,Apples,3437 43rd AVE NE ,Apples,FL,34120
8942,Apples,3033 Driftwood WAY 3408,Apples,FL,34109
8943,Apples,6789 Bent Grass DR ,Apples,FL,34113
8944,Apples,1350 Spyglass LN ,Apples,FL,34102
8945,Apples,3928 King Edwards ST ,FORT MYERS,FL,33916
8946,Apples,1140 Clam CT 5,Apples,FL,34102
8947,Apples,14550 Red Fox RUN 407,Apples,FL,34110
8948,Apples,1064 Manor Lake DR B-205,Apples,FL,34110
8949,Apples,3176 Estancia LN ,CAPE CORAL,FL,33909
8950,Apples,20493 Sherrill LN ,ESTERO,FL,33928
8951,Apples,3407 Acapulco CIR ,CAPE CORAL,FL,33909
8952,Apples,4704 Turnstone CT ,Apples,FL,34119
8953,Apples,970 Cape Marco DR 1607,MARCO ISLAND,FL,34145
8954,Apples,595 Gordonia RD ,Apples,FL,34108
8955,Apples,4579 Chippendale DR ,Apples,FL,34112
8956,Apples,8339 Ibis Cove CIR A-151,Apples,FL,34119
8957,Apples,6941 Hunters RD ,Apples,FL,34109
8958,Apples,4508 Aurora ST ,Apples,FL,34119
8959,Apples,20090 Seagrove ST 2103,ESTERO,FL,33928
8960,Apples,9448 Isla Bella CIR ,BONITA SPRINGS,FL,34135
8961,Apples,2636 Second ST ,FORT MYERS,FL,33916
8962,Apples,1664 Vinland WAY ,Apples,FL,34105
8963,Apples,6597 Nicholas BLVD 206,Apples,FL,34108
8964,Apples,2109 10th LN ,CAPE CORAL,FL,33990
8965,Apples,219 3rd AVE S 219,Apples,FL,34102
8966,Apples,2550 Aspen Creek LN 101,Apples,FL,34119
8967,Apples,5051 Pelican Colony BLVD 302,BONITA SPRINGS,FL,34134
8968,Apples,6047 Plana Cays DR ,Apples,FL,34113
8969,Apples,7783 Martino CIR ,Apples,FL,34112
8970,Apples,28023 Pisces LN ,BONITA SPRINGS,FL,34135
8971,Apples,184 Seabreeze AVE ,Apples,FL,34108
8972,Apples,232 2nd ST S ,Apples,FL,34102
8973,Apples,5976 Via Bella CT ,Apples,FL,34109
8974,Apples,1100 8th AVE S 102A,Apples,FL,34102
8975,Apples,6800 Beach Resort DR 2306,Apples,FL,34114
8976,Apples,27028 Adriana CIR 102,BONITA SPRINGS,FL,34135
8977,Apples,160 Palm ST 206,MARCO ISLAND,FL,34145
8978,Apples,1517 57th TER ,CAPE CORAL,FL,33914
8979,Apples,127 Mediterranean WAY 127,Apples,FL,34104
8980,Apples,761 11th ST NW ,Apples,FL,34120
8981,Apples,1230 Sweetwater LN 2202,Apples,FL,34110
8982,Apples,295 Grande WAY 403,Apples,FL,34110
8983,Apples,957 Rosea CT ,Apples,FL,34104
8984,Apples,5620 Woodmere Lake CIR B-101,Apples,FL,34112
8985,Apples,15877 Marcello CIR ,Apples,FL,34110
8986,Apples,6573 Marissa LOOP 1904,Apples,FL,34108
8987,Apples,701 Palm View DR DP1,Apples,FL,34110
8988,Apples,8808 La Palma LN ,Apples,FL,34108
8989,Apples,6656 Trail BLVD ,Apples,FL,34108
8990,Apples,260 Barefoot Beach BLVD 204,BONITA SPRINGS,FL,34134
8991,Apples,1609 Mockingbird DR ,Apples,FL,34120
8992,Apples,10528 Casella WAY 102,FORT MYERS,FL,33966
8993,Apples,10528 Casella WAY 201,FORT MYERS,FL,33966
8994,Apples,300 Wyndemere WAY C-303,Apples,FL,34105
8995,Apples,11978 Heather Woods CT ,Apples,FL,34120
8996,Apples,7280 Coventry CT 514,Apples,FL,34104
8997,Apples,7127 Marconi CT ,Apples,FL,34114
8998,Apples,7615 Arbor Lakes CT 413,Apples,FL,34112
8999,Apples,4031 Ice Castle WAY 5,Apples,FL,34112
9000,Apples,7240 Coventry CT 316,Apples,FL,34104
9001,Apples,49 High Point CIR S 102,Apples,FL,34103
9002,Apples,3103 9th ST SW ,LEHIGH ACRES,FL,33976
9003,Apples,23171 Rosedale DR 101,ESTERO,FL,34135
9004,Apples,1045 Sandpiper ST G103,Apples,FL,34102
9005,Apples,1001 Arbor Lake DR 1204,Apples,FL,34110
9006,Apples,3883 Gibralter DR ,Apples,FL,34119
9007,Apples,1336 Park Lake DR 28-L,Apples,FL,34110
9008,Apples,5122 Rutland CT ,CAPE CORAL,FL,33904
9009,Apples,8485 Benelli CT ,Apples,FL,34114
9010,Apples,401 Bayfront PL 3406,Apples,FL,34102
9011,Apples,11896 Hedgestone CT ,Apples,FL,34120
9012,Apples,12616 Fairington WAY ,FORT MYERS,FL,33913
9013,Apples,7667 Groves RD ,Apples,FL,34109
9014,Apples,8063 Panther TRL 1304,Apples,FL,34113
9015,Apples,3615 Boca Ciega DR 108,Apples,FL,34112
9016,Apples,380 Seaview CT 1605,MARCO ISLAND,FL,34145
9017,Apples,7950 Mahogany Run LN 416,Apples,FL,34113
9018,Apples,7965 Mahogany Run LN 323,Apples,FL,34113
9019,Apples,8287 Key Royal LN 1526,Apples,FL,34119
9020,Apples,1329 Nottingham DR ,Apples,FL,34109
9021,Apples,12010 Covent Gardens CT 102,Apples,FL,34120
9022,Apples,7925 Preserve CIR 315,Apples,FL,34119
9023,Apples,1228 Commonwealth CIR O-201,Apples,FL,34116
9024,Apples,1479 Palma Blanca CT ,Apples,FL,34119
9025,Apples,964 8th AVE S B-2,Apples,FL,34102
9026,Apples,3695 Nelsons WALK ,Apples,FL,34102
9027,Apples,17261 Cherrywood CT 8802,BONITA SPRINGS,FL,34135
9028,Apples,9719 Acqua CT 211,Apples,FL,34113
9029,Apples,8259 Parkstone PL 8-103,Apples,FL,34120
9030,Apples,8217 Parkstone PL 1-206,Apples,FL,34120
9031,Apples,8298 Key Royal LN 432,Apples,FL,34119
9032,Apples,8275 Key Royal CIR 1113,Apples,FL,34119
9033,Apples,640 York TER ,Apples,FL,34109
9034,Apples,3401 Crayton RD ,Apples,FL,34103
9035,Apples,255 Rotonda CIR ,ROTONDA WEST,FL,33947
9036,Apples,4883 Hampshire CT 302,Apples,FL,34112
9037,Apples,4460 Yacht Harbor DR ,Apples,FL,34112
9038,Apples,8635 Cavano ST ,Apples,FL,34119
9039,Apples,11872 Arboretum Run DR 202,FORT MYERS,FL,33913
9040,Apples,280 Collier BLVD S 401,MARCO ISLAND,FL,34145
9041,Apples,7525 Stoneybrook DR 926,Apples,FL,34112
9042,Apples,10062 Palazzo DR ,Apples,FL,34119
9043,Apples,10129 Florence CIR ,Apples,FL,34119
9044,Apples,2008 Ann AVE N ,LEHIGH ACRES,FL,33971
9045,Apples,19034 Elston WAY ,ESTERO,FL,33928
9046,Apples,2607 Cartagena AVE ,FORT MYERS,FL,33905
9047,Apples,4751 Gulf Shore BLVD N 503,Apples,FL,34103
9048,Apples,3808 Ruby WAY ,Apples,FL,34114
9049,Apples,1560 Osprey AVE ,Apples,FL,34102
9050,Apples,11025 Longshore WAY W ,Apples,FL,34119
9051,Apples,15400 Cedarwood LN 1-201,Apples,FL,34110
9052,Apples,3410 Gulf Shore BLVD N 202,Apples,FL,34103
9053,Apples,140 4th AVE N ,Apples,FL,34102
9054,Apples,3515 Avion Woods CT 802,Apples,FL,34104
9055,Apples,16425 Carrara WAY 13-201,Apples,FL,34110
9056,Apples,178 Greenbrier ST ,MARCO ISLAND,FL,34145
9057,Apples,7634 Jacaranda LN ,Apples,FL,34114
9058,Apples,7347 TILDEN LN ,Apples,FL,34108
9059,Apples,1415 Pelican AVE ,Apples,FL,34102
9060,Apples,2139 Torino WAY ,Apples,FL,34105
9061,Apples,510 2nd ST S 102,Apples,FL,34102
9062,Apples,44 Algonquin CT ,MARCO ISLAND,FL,34145
9063,Apples,3949 Cordgrass WAY D-11,Apples,FL,34112
9064,Apples,5356 Brin WAY ,AVE MARIA,FL,34142
9065,Apples,16653 Toscana CIR 701,Apples,FL,34110
9066,Apples,1345 Sweetwater CV 102,Apples,FL,34110
9067,Apples,9133 The LN ,Apples,FL,34109
9068,Apples,2146 Clementine ST ,Apples,FL,34120
9069,Apples,11960 Champions Green WAY 208,FORT MYERS,FL,33913
9070,Apples,5706 Mayflower WAY 202,AVE MARIA,FL,34142
9071,Apples,2075 Vermont LN ,Apples,FL,34120
9072,Apples,4515 8th ST NE ,GOLDEN GATE,FL,34120
9073,Apples,2367 Orchard ST ,Apples,FL,34120
9074,Apples,1013 Ridge ST ,Apples,FL,34103
9075,Apples,12542 Fenhurst WAY ,Apples,FL,34120
9076,Apples,13263 Sherburne CIR 2302,BONITA SPRINGS,FL,34135
9077,Apples,7100 Barrington CIR 4-201,Apples,FL,34108
9078,Apples,865 105th AVE N ,Apples,FL,34108
9079,Apples,2565 4th AVE NE ,Apples,FL,34120
9080,Apples,2620 Blossom WAY ,Apples,FL,34120
9081,Apples,4010 Cindy AVE ,Apples,FL,34112
9082,Apples,2285 2nd AVE SE ,Apples,FL,34117
9083,Apples,101 Denis AVE N ,LEHIGH ACRES,FL,33971
9084,Apples,8506 Deimille CT ,Apples,FL,34114
9085,Apples,1254 13th ST N ,Apples,FL,34102
9086,Apples,1257 Kendari TER ,Apples,FL,34113
9087,Apples,25081 Peacock LN 201,Apples,FL,34114
9088,Apples,3955 Bishopwood CT W 101,Apples,FL,34114
9089,Apples,9101 Gervais CIR 1706,Apples,FL,34120
9090,Apples,2063 Vermont LN ,Apples,FL,34120
9091,Apples,2377 Fallglo ST ,Apples,FL,34120
9092,Apples,12051 Sitterley ST ,Apples,FL,34113
9093,Apples,2363 Orchard ST ,Apples,FL,34120
9094,Apples,13060 Amberley CT 809,BONITA SPRINGS,FL,34135
9095,Apples,5970 Amherst DR C105,Apples,FL,34112
9096,Apples,997 Tierra Lago WAY ,Apples,FL,34119
9097,Apples,1260 8th ST NE ,Apples,FL,34120
9098,Apples,104 Fleur De Lis LN ,Apples,FL,34112
9099,Apples,3525 Fort Charles DR ,Apples,FL,34102
9100,Apples,2016 Tarpon Bay DR N 102,Apples,FL,34119
9101,Apples,532 Club Side DR 4-532,Apples,FL,34110
9102,Apples,9423 Piacere WAY ,Apples,FL,34113
9103,Apples,1964 Alamanda DR 10,Apples,FL,34102
9104,Apples,349 Forest Hills BLVD ,Apples,FL,34113
9105,Apples,14087 Nautica CT ,Apples,FL,34114
9106,Apples,4799 Ganymede CT ,Apples,FL,34105
9107,Apples,1135 3RD AVE S 303,Apples,FL,34102
9108,Apples,370 Edgemere WAY N 20,Apples,FL,34105
9109,Apples,1100 Collier BLVD 1624,MARCO ISLAND,FL,34145
9110,Apples,2812 35th ST SW ,LEHIGH ACRES,FL,33976
9111,Apples,4 Bass LN 4,Apples,FL,34114
9112,Apples,14478 Tuscany Pointe TRL ,Apples,FL,34120
9113,Apples,9529 Avellino WAY 2812,Apples,FL,34113
9114,Apples,156 Pebble Shores DR 103,Apples,FL,34110
9115,Apples,7935 Mahogany Run LN 723,Apples,FL,34113
9116,Apples,3300 Fort Charles DR ,Apples,FL,34102
9117,Apples,165 Collier BLVD B-203,MARCO ISLAND,FL,34145
9118,Apples,481 Quail Forest BLVD B303,Apples,FL,34105
9119,Apples,2543 Avila LN ,Apples,FL,34105
9120,Apples,245 Quails Nest RD 4,Apples,FL,34112
9121,Apples,750 Ketch DR ,Apples,FL,34103
9122,Apples,824 Tanbark DR 203,Apples,FL,34108
9123,Apples,960 Cape Marco DR 1503,MARCO ISLAND,FL,34145
9124,Apples,1675 Winding Oaks WAY 102,Apples,FL,34109
9125,Apples,58 Collier BLVD 2202,MARCO ISLAND,FL,34145
9126,Apples,580 107th AVE N ,Apples,FL,34108
9127,Apples,1030 3rd AVE S 520,Apples,FL,34102
9128,Apples,150 Peach CT ,MARCO ISLAND,FL,34145
9129,Apples,920 Iris CT ,MARCO ISLAND,FL,34145
9130,Apples,27025 Allan ST ,BONITA SPRINGS,FL,34135
9131,Apples,3870 Sawgrass WAY 2525,Apples,FL,34112
9132,Apples,28370 Verde LN ,BONITA SPRINGS,FL,34135
9133,Apples,7515 Pelican Bay BLVD PH-B,Apples,FL,34108
9134,Apples,10971 Glenhurst ST ,FORT MYERS,FL,33913
9135,Apples,3850 Woodlake DR ,BONITA SPRINGS,FL,34134
9136,Apples,28520 Lobos CIR ,BONITA SPRINGS,FL,34135
9137,Apples,14167 Nautica CT ,Apples,FL,34114
9138,Apples,2288 Heritage Greens DR ,Apples,FL,34119
9139,Apples,8673 Mustang DR 58,Apples,FL,34113
9140,Apples,1855 Alameda DR ,Apples,FL,34120
9141,Apples,18165 Baruch DR ,FORT MYERS,FL,33967
9142,Apples,1839 Alameda DR ,Apples,FL,34120
9143,Apples,3644 Sapphire Cove Circle ,Apples,FL,34114
9144,Apples,1867 Alameda DR ,Apples,fl,34120
9145,Apples,9566 Trevi CT 4921,Apples,FL,34113
9146,Apples,1878 Alameda DR ,Apples,fl,34120
9147,Apples,12025 Covent Garden CT 2604,Apples,FL,34120
9148,Apples,3635 Boca Ciega DR 314,Apples,FL,34112
9149,Apples,1431 22nd AVE NE ,Apples,FL,34120
9150,Apples,6259 Brunello LN ,Apples,FL,34113
9151,Apples,1531 Weybridge CIR 6,Apples,FL,34110
9152,Apples,1818 Kings Lake BLVD 203,Apples,FL,34112
9153,Apples,271 Matecumbe LN 239,Apples,FL,34114
9154,Apples,3443 Gulf Shore BLVD N 706,Apples,FL,34103
9155,Apples,496 Veranda WAY F203,Apples,FL,34104
9156,Apples,37 High Point CIR E 208,Apples,FL,34103
9157,Apples,8001 Helena CT ,AVE MARIA,FL,34142
9158,Apples,195 Harrison RD 8-2,Apples,FL,34112
9159,Apples,16284 CAMDEN LAKES CIR ,Apples,FL,34110
9160,Apples,5 Bluebill AVE 205,Apples,FL,34108
9161,Apples,20111 Seagrove ST 603,ESTERO,FL,33928
9162,Apples,20809 Torre Del Lago ST ,ESTERO,FL,33928
9163,Apples,670 3rd ST SW ,Apples,FL,34117
9164,Apples,1015 Galleon DR ,Apples,FL,34102
9165,Apples,530 Century DR ,MARCO ISLAND,FL,34145
9166,Apples,2915 Cinnamon Bay CIR ,Apples,FL,34119
9167,Apples,5090 Cedar Springs DR 203,Apples,FL,34110
9168,Apples,1263 Embassy LN ,Apples,FL,34104
9169,Apples,142 Eveningstar Cay ,Apples,FL,34114
9170,Apples,5158 Monza CT ,AVE MARIA,FL,34142
9171,Apples,1075 Foxfire LN 103,Apples,FL,34104
9172,Apples,4093 14th AVE NE ,Apples,FL,34120
9173,Apples,28110 Castellano WAY ,Apples,FL,34110
9174,Apples,410 Flagship DR 703,Apples,FL,34108
9175,Apples,930 Rosea CT ,Apples,FL,34104
9176,Apples,1011 Swallow AVE 409,MARCO ISLAND,FL,34145
9177,Apples,3058 Birchin LN ,FORT MYERS,FL,33916
9178,Apples,405 Candlewood LN ,Apples,FL,34110
9179,Apples,260 Seaview CT NW 1808,MARCO ISLAND,FL,34145
9180,Apples,1030 3rd AVE S 202,Apples,FL,34102
9181,Apples,710 Bentwater CIR 2-102,Apples,FL,34108
9182,Apples,3753 Sapphire Cove Circle ,Apples,FL,34114
9183,Apples,2994 Aviamar CIR ,Apples,FL,34114
9184,Apples,9761 Maplecrest CIR ,LEHIGH ACRES,FL,33936
9185,Apples,6900 Estero BLVD 501,FORT MYERS BEACH,FL,33931
9186,Apples,1102 46th TER ,CAPE CORAL,FL,33914
9187,Apples,3640 14th AVE SE ,Apples,FL,34117
9188,Apples,7656 Sussex CT ,Apples,FL,34113
9189,Apples,10720 San Tropez CIR ,ESTERO,FL,33928
9190,Apples,9834 Giaveno CIR 1726,Apples,FL,34113
9191,Apples,550 Springline CT ,Apples,FL,34102
9192,Apples,780 Collier BLVD 402,MARCO ISLAND,FL,34145
9193,Apples,13 Lake Diane DR ,Apples,FL,34114
9194,Apples,10307 Heritage Bay BLVD 1213,Apples,FL,34120
9195,Apples,3198 Serenity CT 102,Apples,FL,34114
9196,Apples,9107 Graphite CIR ,Apples,FL,34120
9197,Apples,1095 Morningside DR ,Apples,FL,34103
9198,Apples,8385 Excalibur CIR G3,Apples,FL,34108
9199,Apples,2500 County Barn RD ,Apples,FL,34112
9200,Apples,2538 Escada CT E ,Apples,FL,34109
9201,Apples,3119 Royal Gardens AVE ,FORT MYERS,FL,33916
9202,Apples,5031 Fairhaven LN ,Apples,FL,34109
9203,Apples,9386 Pocida CT 18-101,Apples,FL,34119
9204,Apples,9036 Alturas ST 3605,Apples,FL,34113
9205,Apples,6501 Caldecott DR ,Apples,FL,34113
9206,Apples,4356 Mistlethrush LN ,Apples,FL,34119
9207,Apples,9378 Pocida CT 19-202,Apples,FL,34119
9208,Apples,1423 Santiago CIR 1702,Apples,FL,34113
9209,Apples,9378 Pocida CT 19-102,Apples,FL,34119
9210,Apples,14543 Adina LN ,FORT MYERS,FL,33905
9211,Apples,140 5th AVE S ,Apples,FL,34102
9212,Apples,9350 Chiasso CT ,Apples,FL,34114
9213,Apples,16077 Ravina WAY 41,Apples,FL,34110
9214,Apples,1030 3RD AVE S 312,Apples,FL,34102
9215,Apples,1350 Bald Eagle DR 81,Apples,FL,34105
9216,Apples,4244 Nevada ST ,AVE MARIA,FL,34142
9217,Apples,350 Pinehurst CIR ,Apples,FL,34113
9218,Apples,6675 Wakefield DR ,FORT MYERS,FL,33966
9219,Apples,1654 Rainbow CT ,MARCO ISLAND,FL,34145
9220,Apples,4157 Bloomfield ST ,FORT MYERS,FL,33916
9221,Apples,25248 Pelican Creek CIR 101,BONITA SPRINGS,FL,34134
9222,Apples,3049 Royal Gardens AVE ,FORT MYERS,FL,33916
9223,Apples,9185 Troon Lakes DR ,Apples,FL,34109
9224,Apples,1156 Hilltop DR ,Apples,FL,34103
9225,Apples,3234 Cullowee LN ,Apples,FL,34114
9226,Apples,9097 Cherry Oaks TRL 201,Apples,FL,34114
9227,Apples,445 Cove Tower DR 1103,Apples,FL,34110
9228,Apples,17601 Devore LN ,FORT MYERS,FL,33913
9229,Apples,21717 Baccarat LN 103,ESTERO,FL,33928
9230,Apples,618 111th AVE N ,Apples,FL,34108
9231,Apples,285 Naples Cove DR 1103,Apples,FL,34110
9232,Apples,2922 INDIGOBUSH WAY ,Apples,FL,34105
9233,Apples,2315 Tradition WAY 102,Apples,FL,34105
9234,Apples,922 Tropical Bay CT ,Apples,FL,34120
9235,Apples,514 Cheetah DR 514,Apples,FL,34114
9236,Apples,4595 Lamaida LN ,AVE MARIA,FL,34142
9237,Apples,357 Morning Glory LN ,MARCO ISLAND,FL,34145
9238,Apples,6770 Pelican Bay BLVD 214,Apples,FL,34108
9239,Apples,3671 13th AVE SW ,Apples,FL,34117
9240,Apples,1345 21st ST SW ,Apples,FL,34117
9241,Apples,1382 Hilltop DR ,Apples,FL,34103
9242,Apples,7407 Lantana CIR ,Apples,FL,34119
9243,Apples,9616 Firenze CIR ,Apples,FL,34113
9244,Apples,2108 Amargo WAY ,Apples,FL,34119
9245,Apples,14547 Indigo Lakes CIR ,Apples,FL,34119
9246,Apples,175 Dan River CT ,MARCO ISLAND,FL,34145
9247,Apples,20141 Seagrove ST 305,ESTERO,FL,33928
9248,Apples,2821 Inlet Cove LN W ,Apples,FL,34120
9249,Apples,25756 Lake Amelia WAY 104,BONITA SPRINGS,FL,34135
9250,Apples,2740 Kings Lake BLVD 103,Apples,FL,34112
9251,Apples,821 Regency Reserve CIR 3801,Apples,FL,34119
9252,Apples,4783 Martinique WAY ,Apples,FL,34119
9253,Apples,28568 San Amaro DR ,BONITA SPRINGS,FL,34135
9254,Apples,28585 Via D Arezzo DR ,BONITA SPRINGS,FL,34135
9255,Apples,26261 Summer Greens DR ,BONITA SPRINGS,FL,34135
9256,Apples,6064 Diamonte PL ,AVE MARIA,FL,34142
9257,Apples,9884 Alhambra LN ,BONITA SPRINGS,FL,34135
9258,Apples,985 Hampton CIR 120,Apples,FL,34105
9259,Apples,22731 Sandy Bay DR 204,ESTERO,FL,33928
9260,Apples,6900 Estero BLVD 207,FORT MYERS BEACH,FL,33931
9261,Apples,2305 Carrington CT 2-103,Apples,FL,34109
9262,Apples,16394 Bonita Landing CIR ,BONITA SPRINGS,FL,34135
9263,Apples,16386 Bonita Landing CIR ,BONITA SPRINGS,FL,34135
9264,Apples,16310 Bonita Landing CIR ,BONITA SPRINGS,FL,34135
9265,Apples,5511 Useppa DR ,AVE MARIA,FL,34142
9266,Apples,1484 Foxfire LN ,Apples,FL,34104
9267,Apples,1 Bluebill AVE 511,Apples,FL,34108
9268,Apples,16299 Bonita Landing CIR ,BONITA SPRINGS,FL,34135
9269,Apples,7985 Beaumont CT ,Apples,FL,34109
9270,Apples,12122 Sussex ST ,FORT MYERS,FL,33913
9271,Apples,9310 Glenforest DR ,Apples,FL,34120
9272,Apples,675 Saratoga CIR J-106,Apples,FL,34104
9273,Apples,665 Mardel CT 202,Apples,FL,34104
9274,Apples,3641 Wild Pines DR 202,BONITA SPRINGS,FL,34134
9275,Apples,3989 Bishopwood CT E 106,Apples,FL,34114
9276,Apples,2650 Gulf Shore BLVD N 501,Apples,FL,34103
9277,Apples,5707 Greenwood CIR ,Apples,FL,34112
9278,Apples,2059 Morning Sun LN ,Apples,FL,34119
9279,Apples,38 Water Oaks WAY 6-19,Apples,FL,34105
9280,Apples,8 Tangerine CT ,LEHIGH ACRES,FL,33936
9281,Apples,1310 Yesica Ann CIR H-104,Apples,FL,34110
9282,Apples,960 Cape Marco DR 1905,MARCO ISLAND,FL,34145
9283,Apples,25241 Golf Lake CIR ,BONITA SPRINGS,FL,34135
9284,Apples,2936 44th ST SW ,Apples,FL,34116
9285,Apples,15384 Scrub Jay LN ,BONITA SPRINGS,FL,34135
9286,Apples,4985 Sandra Bay DR 8-202,Apples,FL,34109
9287,Apples,11567 Onyx CIR ,FORT MYERS,FL,33913
9288,Apples,600 Neapolitan WAY 118,Apples,FL,34103
9289,Apples,1825 Les Chateaux BLVD 203,Apples,Fl,34109
9290,Apples,3002 Sandpiper Bay CIR A104,Apples,FL,34112
9291,Apples,14895 Blue Bay CIR ,FORT MYERS,FL,33913
9292,Apples,260 Seaview CT 1111,MARCO ISLAND,FL,34145
9293,Apples,14876 Edgewater CIR ,Apples,FL,34114
9294,Apples,15182 Blue Bay CIR ,FORT MYERS,FL,33913
9295,Apples,3441 Cartwright CT ,BONITA SPRINGS,FL,34134
9296,Apples,4400 Gulf Shore BLVD N 6-604,Apples,FL,34103
9297,Apples,6980 Avalon CIR 1108,Apples,FL,34112
9298,Apples,7784 Emerald CIR O-102,Apples,FL,34109
9299,Apples,15176 Blue Bay CIR ,FORT MYERS,FL,33913
9300,Apples,691 104th AVE N ,Apples,FL,34108
9301,Apples,4722 Via Carmen 33,Apples,FL,34105
9302,Apples,14961 Blue Bay CIR ,FORT MYERS,FL,33913
9303,Apples,215 Burnt Pine DR ,Apples,FL,34119
9304,Apples,2645 Corona LN ,CAPE CORAL,FL,33909
9305,Apples,2296 Somerset PL ,Apples,FL,34120
9306,Apples,3325 Airport Pulling RD N B1,Apples,FL,34105
9307,Apples,23560 Walden Center DR 309,ESTERO,FL,34134
9308,Apples,2861 Storter AVE ,Apples,FL,34112
9309,Apples,28642 La Caille DR ,Apples,FL,34119
9310,Apples,4031 Gulf Shore BLVD N 10C,Apples,FL,34103
9311,Apples,3186 Estancia LN ,CAPE CORAL,FL,33909
9312,Apples,2637 LINDA DR ,Apples,FL,34112
9313,Apples,8155 Lagoon RD ,FORT MYERS BEACH,FL,33931
9314,Apples,3206 Estancia LN ,CAPE CORAL,FL,33909
9315,Apples,8240 Potomac LN ,Apples,FL,34104
9316,Apples,7762 Gardner DR 102,Apples,FL,34109
9317,Apples,3805 Cotton Green Path DR ,Apples,FL,34114
9318,Apples,9816 Giaveno CIR 1344,Apples,FL,34113
9319,Apples,5725 Gage LN E-304,Apples,FL,34113
9320,Apples,15562 Vallecas LN ,Apples,FL,34110
9321,Apples,10000 Maddox LN 321,BONITA SPRINGS,FL,34135
9322,Apples,1200 Madison CT ,IMMOKALEE,FL,34142
9323,Apples,9069 Gervais CIR 1102,Apples,FL,34120
9324,Apples,197 FOX GLEN DR ,Apples,FL,34104-5114
9325,Apples,500 Teryl RD 3,Apples,FL,34113
9326,Apples,8504 Alessandria CT ,Apples,FL,34114
9327,Apples,191 7TH AVE N ,Apples,FL,34102
9328,Apples,9076 Gervais CIR 409,Apples,FL,34120
9329,Apples,1208 13th PL ,CAPE CORAL,FL,33993
9330,Apples,860 Panama CT 219,MARCO ISLAND,FL,34145
9331,Apples,10255 Cape Roman RD 101,ESTERO,FL,34135
9332,Apples,4100 Belair LN 102,Apples,FL,34103
9333,Apples,301 Copeland AVE S 108,EVERGLADES CITY,FL,34139
9334,Apples,14341 Orange River RD ,FORT MYERS,FL,33905
9335,Apples,2636 Citrus Key Lime CT ,Apples,FL,34120
9336,Apples,17182 Ashcomb WAY ,ESTERO,FL,33928
9337,Apples,1624 Villa CT ,MARCO ISLAND,FL,34145
9338,Apples,1155 Sandpiper ST A3,Apples,FL,34102
9339,Apples,28105 Mandolin CT 213,BONITA SPRINGS,FL,34135
9340,Apples,6070 National BLVD 226,AVE MARIA,FL,34142
9341,Apples,9361 Triana TER 44,FORT MYERS,FL,33912
9342,Apples,11582 Riverstone LN ,FORT MYERS,FL,33913
9343,Apples,3150 Shorewood LN 206,FORT MYERS,FL,33907
9344,Apples,1065 Borghese LN 305,Apples,FL,34114
9345,Apples,4800 Pelican Colony BLVD 1704,BONITA SPRINGS,FL,34134
9346,Apples,26704 Lost Woods CIR ,BONITA SPRINGS,FL,34135
9347,Apples,5051 PELICAN COLONY BLVD 501,BONITA SPRINGS,FL,34134-6903
9348,Apples,239 Broad AVE S ,Apples,FL,34102
9349,Apples,2940 Orange Grove TRL ,Apples,FL,34120
9350,Apples,2111 Hickeys Creekside DR ,ALVA,FL,33920
9351,Apples,2067 Pigeon Plum WAY ,NORTH FORT MYERS,FL,33917
9352,Apples,20211 Riverbrooke RUN ,ESTERO,FL,33928
9353,Apples,28960 Kiranicola CT ,BONITA SPRINGS,FL,34135
9354,Apples,17 Saint Tropez DR ,Apples,FL,34112
9355,Apples,2255 Campestre TER ,Apples,FL,34119
9356,Apples,3260 62nd AVE NE ,Apples,FL,34120
9357,Apples,3383 Boca Ciega DR D-4,Apples,FL,34112
9358,Apples,115 Bears Paw TRL ,Apples,FL,34105
9359,Apples,6058 National BLVD 346,AVE MARIA,FL,34142
9360,Apples,141 Gulf Shore BLVD S ,Apples,FL,34102
9361,Apples,1872 Bahama AVE ,MARCO ISLAND,FL,34145
9362,Apples,14174 Charthouse CT ,Apples,FL,34114
9363,Apples,2745 Callista Mar WAY 101,Apples,FL,34114
9364,Apples,4005 Gulf Shore BLVD N 700,Apples,FL,34103
9365,Apples,5652 LAGO VILLAGGIO WAY ,Apples,FL,34104
9366,Apples,1085 Forest Lakes DR 8205,Apples,FL,34105
9367,Apples,14567 Topsail DR ,Apples,FL,34114
9368,Apples,219 Bald Eagle DR ,MARCO ISLAND,FL,34145
9369,Apples,5135 Cedar Springs DR 202,Apples,FL,34110
9370,Apples,5489 Whitten DR 120,Apples,FL,34104
9371,Apples,16344 COCO HAMMOCK WAY ,FORT MYERS,FL,33908
9372,Apples,885 Eastham WAY 101,Apples,FL,34104
9373,Apples,21 Bluebill AVE B-804,Apples,FL,34108
9374,Apples,3817 Country Club BLVD 7,CAPE CORAL,FL,33904
9375,Apples,6816 Sterling Greens PL 305,Apples,FL,34104
9376,Apples,6792 Del Mar TER ,Apples,FL,34105
9377,Apples,8001 Via Monte Carlo WAY 305,ESTERO,FL,33928
9378,Apples,85 Saint Andrews BLVD C-305,Apples,FL,34113
9379,Apples,18220 Wildblue BLVD ,FORT MYERS,FL,33913
9380,Apples,108 4th ST NE ,Apples,FL,34120
9381,Apples,501 Veranda WAY G104,Apples,FL,34104
9382,Apples,3042 Driftwood WAY 4808,Apples,FL,34109
9383,Apples,4601 ARBORETUM CIR 202,Apples,FL,34112
9384,Apples,9828 Luna CIR H-204,Apples,FL,34109
9385,Apples,5191 Harrogate CT ,Apples,FL,34112
9386,Apples,4029 East Hampton CIR ,ALVA,FL,33920
9387,Apples,974 5th ST S ,Apples,FL,34102
9388,Apples,6209 Victory DR ,AVE MARIA,FL,34142
9389,Apples,896 Hampton CIR 96,Apples,FL,34105
9390,Apples,133 Wading Bird CIR E-105,Apples,FL,34110
9391,Apples,9844 Luna CIR D-202,Apples,FL,34109
9392,Apples,23711 Eddystone RD 204,ESTERO,FL,34135
9393,Apples,2204 Vardin PL ,Apples,FL,34120
9394,Apples,3325 Airport Pulling RD N L8,Apples,FL,34105
9395,Apples,4908 Napoli DR ,Apples,FL,34103
9396,Apples,15446 Summit Place CIR ,Apples,FL,34119
9397,Apples,14817 Laguna DR 103,FORT MYERS,FL,33908
9398,Apples,1215 Edington PL E-7Y,MARCO ISLAND,FL,34145
9399,Apples,2810 35th ST SW ,LEHIGH ACRES,FL,33976
9400,Apples,4973 Pepper CIR F-205,Apples,FL,34113
9401,Apples,5046 Iron Horse WAY ,AVE MARIA,FL,34142
9402,Apples,6116 Whiskey Creek DR 311,FORT MYERS,FL,33919
9403,Apples,7719 Cottesmore DR ,Apples,FL,34113
9404,Apples,8761 Mustang Island CIR ,Apples,FL,34113
9405,Apples,7873 Classics DR ,Apples,FL,34113
9406,Apples,8948 Mustang Island CIR ,Apples,FL,34113
9407,Apples,4734 STRATFORD CT 1701,Apples,FL,34105
9408,Apples,9021 Quarry DR ,Apples,FL,34120
9409,Apples,15445 Cedarwood LN 6-302,Apples,FL,34110
9410,Apples,3459 Pacific DR ,Apples,FL,34119
9411,Apples,6780 Dennis CIR M-204,Apples,FL,34104
9412,Apples,257 Deerwood CIR 2-9,Apples,FL,34113
9413,Apples,880 Huron CT 1-101,MARCO ISLAND,FL,34145
9414,Apples,10316 Heritage Bay BLVD 2724,Apples,FL,34120
9415,Apples,5008 5th PL ,CAPE CORAL,FL,33914
9416,Apples,13675 Vanderbilt DR 808,Apples,FL,34110
9417,Apples,9514 Avellino WAY 2116,Apples,FL,34113
9418,Apples,7550 Meadow Lakes DR 4702,Apples,FL,34104
9419,Apples,13675 Vanderbilt DR I-605,Apples,FL,34110
9420,Apples,1075 Albany CT 222,Apples,FL,34105
9421,Apples,12715 Aviano DR ,Apples,FL,34105
9422,Apples,15341 Floresta LN ,FORT MYERS,FL,33908
9423,Apples,6315 Wilshire Pines CIR 4-402,Apples,FL,34109
9424,Apples,3163 Lancaster DR 4,Apples,FL,34105
9425,Apples,7936 Princeton DR ,Apples,FL,34104
9426,Apples,15351 Floresta LN ,FORT MYERS,FL,33908
9427,Apples,6433 Legacy CIR 1301,Apples,FL,34113
9428,Apples,65 Silver Oaks CIR 103,Apples,FL,34119
9429,Apples,1311 Corso Palermo CT 3002,Apples,FL,34105
9430,Apples,2480 Marete DR ,Apples,FL,34114
9431,Apples,6290 Bellerive AVE 1-106,Apples,FL,34119
9432,Apples,6090 Huntington Woods DR 26,Apples,FL,34112
9433,Apples,28662 MONTECRISTO LOOP ,BONITA SPRINGS,FL,34135
9434,Apples,1116 12th LN ,CAPE CORAL,FL,33993
9435,Apples,1503 Marlin DR ,Apples,FL,34102
9436,Apples,904 11th ST ,CAPE CORAL,FL,33909
9437,Apples,14517 Marsala WAY ,Apples,FL,34109
9438,Apples,2300 26th TER ,CAPE CORAL,FL,33993
9439,Apples,687 108th AVE N ,Apples,FL,34108
9440,Apples,3443 MARBELLA CT ,BONITA SPRINGS,FL,34134
9441,Apples,1920 Willow Bend CIR 202,Apples,FL,34109
9442,Apples,468 Crestwood LN ,Apples,FL,34113
9443,Apples,2229 San Marco RD 5-201,MARCO ISLAND,FL,34145
9444,Apples,2261 2nd AVE SE ,Apples,FL,34117
9445,Apples,1229 Egrets LNDG 103,Apples,FL,34108
9446,Apples,8701 Estero BLVD 1107,FORT MYERS BEACH,FL,33931
9447,Apples,540 Jung BLVD W ,Apples,FL,34120
9448,Apples,35 Maui CIR 35,Apples,FL,34112
9449,Apples,4711 Via Del Corso LN 302,BONITA SPRINGS,FL,34134
9450,Apples,1589 Nottingham DR ,Apples,FL,34109
9451,Apples,5106 Andros DR ,Apples,FL,34113
9452,Apples,25187 Keygrass CT ,PUNTA GORDA,FL,33955
9453,Apples,8022 Signature Club CIR 4202,Apples,FL,34113
9454,Apples,25043 Purple Emperor WAY ,PUNTA GORDA,FL,33955
9455,Apples,25030 Purple Emperor WAY ,PUNTA GORDA,FL,33955
9456,Apples,4459 Crimson AVE ,Apples,FL,34119
9457,Apples,34 Glades BLVD 1,Apples,FL,34112
9458,Apples,23240 Sanabria LOOP ,BONITA SPRINGS,FL,34135
9459,Apples,7925 Mahogany Run LN 923,Apples,FL,34113
9460,Apples,14091 Heritage Landing BLVD 126,PUNTA GORDA,FL,33955
9461,Apples,14091 Heritage Landing BLVD 125,PUNTA GORDA,FL,33955
9462,Apples,560 El Camino Real 1104,Apples,FL,34119
9463,Apples,185 15th ST S ,Apples,FL,34102
9464,Apples,14845 Fripp Island CT ,Apples,FL,34119
9465,Apples,15156 Summit Place CIR 204,Apples,FL,34119
9466,Apples,3200 Gulf Shore BLVD N 313,Apples,FL,34103
9467,Apples,7538 Bristol CIR ,Apples,FL,34120
9468,Apples,12972 Pembroke DR ,Apples,FL,34105
9469,Apples,13970 Southampton DR 4601,BONITA SPRINGS,FL,34135
9470,Apples,13033 Pembroke DR ,Apples,FL,34105
9471,Apples,8241 LAUREL LAKES BLVD ,Apples,FL,34119
9472,Apples,845 Collier CT 404,MARCO ISLAND,FL,34145
9473,Apples,12997 Pembroke DR ,Apples,FL,34105
9474,Apples,13001 Pembroke DR ,Apples,FL,34105
9475,Apples,12993 Pembroke DR ,Apples,FL,34105
9476,Apples,1424 Athol WAY 96,Apples,FL,34104
9477,Apples,2148 Frederick ST ,Apples,FL,34112
9478,Apples,135 BRISTOL LN ,Apples,FL,34112
9479,Apples,701 93rd AVE N ,Apples,FL,34108
9480,Apples,415 Augusta BLVD 109,Apples,FL,34113
9481,Apples,2545 39th AVE NE ,Apples,FL,34120
9482,Apples,3829 Cotton Green Path DR ,Apples,FL,34114
9483,Apples,21341 Pelican Sound DR 102,ESTERO,FL,33928
9484,Apples,332 Spider Lily LN ,Apples,FL,34119
9485,Apples,5480 26th AVE SW ,Apples,FL,34116
9486,Apples,4131 Los Altos CT ,Apples,FL,34109
9487,Apples,391 8th ST SE ,Apples,FL,34117
9488,Apples,1001 ARBOR LAKE DR DR 1605,Apples,FL,34110-9141
9489,Apples,3300 Hamlet DR 2-2,Apples,FL,34105
9490,Apples,3730 Montreux LN 103,Apples,FL,34114
9491,Apples,5110 Monza CT ,AVE MARIA,FL,34142
9492,Apples,300 Valley Stream DR A-6,Apples,FL,34113
9493,Apples,3892 Gibralter DR ,Apples,FL,34119
9494,Apples,3916 Gibralter DR ,Apples,FL,34119
9495,Apples,2415 Bayou LN 7,Apples,FL,34112
9496,Apples,106 Cypress View DR C-8,Apples,FL,34113
9497,Apples,1250 Wildwood Lakes BLVD 206,Apples,FL,34104
9498,Apples,10488 Materita DR ,FORT MYERS,FL,33913
9499,Apples,7898 Allende LN ,Apples,FL,34113
9500,Apples,12968 Pembroke DR ,Apples,FL,34105
9501,Apples,13041 Pembroke DR ,Apples,FL,34105
9502,Apples,2721 22nd AVE NE ,Apples,FL,34120
9503,Apples,12997 Pembroke DR ,Apples,FL,34105
9504,Apples,11433 Night Heron DR ,Apples,FL,34119
9505,Apples,109 Wilderness DR D-214,Apples,FL,34105
9506,Apples,607 Crossfield CIR 124,Apples,FL,34104
9507,Apples,4218 SKYWAY DR ,Apples,FL,34112-2928
9508,Apples,1878 Tarpon Bay DR S 3-205,Apples,FL,34119
9509,Apples,694 Elkcam CIR 1113,MARCO ISLAND,FL,34145
9510,Apples,4864 Hampshire CT 202,Apples,FL,34112
9511,Apples,3910 Leeward Passage CT 101,BONITA SPRINGS,FL,34134
9512,Apples,5910 Sonoma CT ,Apples,FL,34119
9513,Apples,222 Harbour DR 214,Apples,FL,34103
9514,Apples,489 Raven WAY ,Apples,FL,34110
9515,Apples,2992 41ST AVE NE ,Apples,FL,34120
9516,Apples,10137 Colonial Country Club BLVD 1105,FORT MYERS,FL,33913
9517,Apples,15517 MARCELLO CIR ,Apples,FL,34110
9518,Apples,527 Eagle Creek DR ,Apples,FL,34113
9519,Apples,1637 Spoonbill LN 1637-A,Apples,FL,34105
9520,Apples,1912 JUNG BLVD E ,Apples,FL,34120
9521,Apples,5130 Cobble Creek CT B-202,Apples,FL,34110
9522,Apples,5231 Beckton RD 283,AVE MARIA,FL,34142
9523,Apples,4588 Silver Fox DR ,Apples,FL,34119
9524,Apples,861 Collier BLVD S-403,MARCO ISLAND,FL,34145
9525,Apples,4706 Montego Pointe WAY 203,BONITA SPRINGS,FL,34134
9526,Apples,28110 Tamberine CT 1222,BONITA SPRINGS,FL,34135
9527,Apples,196 Furse Lakes CIR A-6,Apples,FL,34104
9528,Apples,10133 Colonial Country Club BLVD 1304,FORT MYERS,FL,33913
9529,Apples,1204 Chelmsford CT 66,Apples,FL,34104
9530,Apples,1362 22ND AVE NE ,Apples,FL,34120
9531,Apples,14081 Heritage Landing BLVD 231,PUNTA GORDA,FL,33955
9532,Apples,1246 Sweetwater LN 1603,Apples,FL,34110
9533,Apples,8771 Estero BLVD 202,BONITA SPRINGS,FL,33931
9534,Apples,1087 Forest Lakes DR 206,Apples,FL,34105
9535,Apples,3291 20th AVE NE ,Apples,FL,34120
9536,Apples,14081 Heritage Landing BLVD 235,PUNTA GORDA,FL,33955
9537,Apples,1670 Windy Pines DR 2502,Apples,FL,34112
9538,Apples,6423 Royal Woods DR ,FORT MYERS,FL,33908
9539,Apples,2975 Mona Lisa BLVD ,Apples,FL,34119
9540,Apples,2421 31ST AVE NE ,Apples,FL,34120
9541,Apples,1933 Courtyard WAY D-101,Apples,FL,34112
9542,Apples,1384 Areca CV ,Apples,FL,34119
9543,Apples,550 108th AVE N ,Apples,FL,34108
9544,Apples,2535 Golden Gate BLVD E ,Apples,FL,34120
9545,Apples,844 37th TER ,CAPE CORAL,FL,33914
9546,Apples,3573 Cedar Hammock CT ,Apples,FL,34112
9547,Apples,28483 Captiva Shell LOOP ,BONITA SPRINGS,FL,34135
9548,Apples,4991 Bonita Bay Blvd 2002,BONITA SPRINGS,FL,34134
9549,Apples,9577 Gulf Shore DR 401,Apples,FL,34108
9550,Apples,710 Wedge DR ,Apples,FL,34103
9551,Apples,1850 Bald Eagle DR 404B,Apples,FL,34105
9552,Apples,1223 Blue Hill Creek DR ,MARCO ISLAND,FL,34145
9553,Apples,60 Pelican ST W 202,Apples,FL,34113
9554,Apples,6275 Parkers Hammock RD D,Apples,FL,34112
9555,Apples,11565 Grey Egret CIR ,FORT MYERS,FL,33966
9556,Apples,668 Mardel CT 807,Apples,FL,34104
9557,Apples,3641 Wild Pines DR 103,BONITA SPRINGS,FL,34134
9558,Apples,2248 Carter ST ,Apples,FL,34112
9559,Apples,7718 Jewel LN Z-103,Apples,FL,34109
9560,Apples,120 Burnt Pine DR ,Apples,FL,34119
9561,Apples,2633 Clipper WAY ,Apples,FL,34104
9562,Apples,12800 Seaside Key CT ,NORTH FORT MYERS,FL,33903
9563,Apples,1050 Borghese LN 1403,Apples,FL,34114
9564,Apples,10710 Ravenna WAY 203,FORT MYERS,FL,33913
9565,Apples,1077 Illinois DR ,Apples,FL,34103
9566,Apples,10028 Heather LN 1103,Apples,FL,34119
9567,Apples,8346 Rimini WAY ,Apples,FL,34114
9568,Apples,9378 Pocida CT 19-103,Apples,FL,34119
9569,Apples,14081 Heritage Landing BLVD 226,PUNTA GORDA,FL,33955
9570,Apples,756 Ashburton DR ,Apples,FL,34110
9571,Apples,8380 Heritage Links CT 1923,Apples,FL,34112
9572,Apples,10745 Crossback LN ,LEHIGH ACRES,FL,33936
9573,Apples,10545 Crossback LN ,LEHIGH ACRES,FL,33936
9574,Apples,15869 Marcello CIR ,Apples,FL,34110
9575,Apples,6095 Manchester PL ,Apples,FL,34110
9576,Apples,10539 Crossback LN ,LEHIGH ACRES,FL,33936
9577,Apples,4797 Cerromar DR ,Apples,FL,34112
9578,Apples,12096 Via Siena CT 202,BONITA SPRINGS,FL,34135
9579,Apples,2959 Cinnamon Bay CIR ,Apples,FL,34119
9580,Apples,4240 40th ST NE ,Apples,FL,34120
9581,Apples,4423 9th AVE ,CAPE CORAL,FL,33914
9582,Apples,20181 Bravada ST 1,ESTERO,FL,33928
9583,Apples,4649 31st PL SW ,Apples,FL,34116
9584,Apples,7965 Mahogany Run LN 312,Apples,FL,34113
9585,Apples,27110 Allan ST ,BONITA SPRINGS,FL,34135
9586,Apples,3706 Pleasant Springs DR ,Apples,FL,34119
9587,Apples,14540 Red Fox RUN 301,Apples,FL,34110
9588,Apples,6484 Caldecott DR ,Apples,FL,34113
9589,Apples,709 Palm View DR ,Apples,FL,34110
9590,Apples,27575 Imperial River RD ,BONITA SPRINGS,FL,34134
9591,Apples,28487 Captiva Shell LOOP ,BONITA SPRINGS,FL,34135
9592,Apples,9816 Giaveno CIR 1337,Apples,FL,34113
9593,Apples,19916 Montserrat LN ,ESTERO,FL,33928
9594,Apples,12930 Positano CIR 102,Apples,FL,34105
9595,Apples,8614 Veronawalk CIR ,Apples,FL,34114
9596,Apples,382 Gulf Shore BLVD N ,Apples,FL,34102
9597,Apples,185 Palm DR 18-J,Apples,FL,34112
9598,Apples,3311 14th ST SW ,LEHIGH ACRES,FL,33976
9599,Apples,7335 Acorn WAY ,Apples,FL,34119
9600,Apples,2718 SE 24th CT ,CAPE CORAL,FL,33904
9601,Apples,28216 Islet TRL ,BONITA SPRINGS,FL,34135
9602,Apples,8929 Redonda DR ,Apples,FL,34114
9603,Apples,480 Collier BLVD 1012,MARCO ISLAND,FL,34145
9604,Apples,1590 Weybridge CIR 52,Apples,FL,34110
9605,Apples,4785 Cerromar DR ,Apples,FL,34112
9606,Apples,897 Collier CT 4-204,MARCO ISLAND,FL,34145
9607,Apples,4874 Shearwater LN ,Apples,FL,34119
9608,Apples,5651 Rattlesnake Hammock RD 201C,Apples,FL,34113
9609,Apples,28025 Sosta LN 1,BONITA SPRINGS,FL,34135
9610,Apples,343 46th LN ,CAPE CORAL,FL,33904
9611,Apples,3115 Gulf Shore BLVD N 209S,Apples,FL,34103
9612,Apples,5404 Billings ST ,LEHIGH ACRES,FL,33971
9613,Apples,28260 Lisbon CT 2822,BONITA SPRINGS,FL,34135
9614,Apples,16031 Caldera LN ,Apples,FL,34110
9615,Apples,975 Palm View DR A-204,Apples,FL,34110
9616,Apples,20090 Seagrove ST 2102,ESTERO,FL,33928
9617,Apples,4475 Prescott LN ,Apples,FL,34119
9618,Apples,1275 Wildwood Lakes BLVD 2-303,Apples,FL,34104
9619,Apples,6150 Polly AVE ,Apples,FL,34112
9620,Apples,857 105th AVE N ,Apples,FL,34108
9621,Apples,400 Forest Lakes BLVD 309,Apples,FL,34105
9622,Apples,9939 Treasure Cay LN ,BONITA SPRINGS,FL,34135
9623,Apples,164 Cypress View DR ,Apples,FL,34113
9624,Apples,28018 Sosta LN 4,BONITA SPRINGS,FL,34135
9625,Apples,265 Indies WAY 1601,Apples,FL,34110
9626,Apples,4685 Winged Foot CT 2-201,Apples,FL,34112
9627,Apples,8930 Bay Colony DR 1203,Apples,FL,34108
9628,Apples,8340 Whisper Trace WAY 103,Apples,FL,34114
9629,Apples,11560 Pin Oak DR ,BONITA SPRINGS,FL,34135
9630,Apples,10271 Carolina ST ,BONITA SPRINGS,FL,34135
9631,Apples,620 Beachwalk CIR H-201,Apples,FL,34108
9632,Apples,10073 Hidden Pines LN ,BONITA SPRINGS,FL,34135
9633,Apples,1861 Timarron WAY ,Apples,FL,34109
9634,Apples,5060 Yacht Harbor CIR 8-102,Apples,FL,34112
9635,Apples,24574 Kingfish ST ,BONITA SPRINGS,FL,34134
9636,Apples,13631 LUCERA CT ,ESTERO,FL,33928
9637,Apples,3860 Crayton RD ,Apples,FL,34103
9638,Apples,15651 Angelica DR ,ALVA,FL,33920
9639,Apples,28022 Bridgetown CT 4821,BONITA SPRINGS,FL,34135
9640,Apples,481 Quail Forest BLVD B208,Apples,FL,34105
9641,Apples,26870 Nicki J CT ,BONITA SPRINGS,FL,34135
9642,Apples,9021 Whimbrel Watch LN 5-102,Apples,FL,34109
9643,Apples,4152 EVERGLADES BLVD N ,Apples,FL,34120
9644,Apples,3743 12TH AVE SE ,Apples,FL,34117
9645,Apples,2528 43RD AVE NE ,Apples,FL,34120
9646,Apples,592 111th AVE N ,Apples,FL,34108
9647,Apples,160 Turtle Lake CT 305,Apples,FL,34105
9648,Apples,4135 58th AVE NE ,Apples,FL,34120
9649,Apples,14496 Grapevine DR ,Apples,FL,34114
9650,Apples,14525 Abaco Lakes DR 205,FORT MYERS,FL,33908
9651,Apples,16072 Caldera LN ,Apples,FL,34110
9652,Apples,4425 Dover CT 6-603,Apples,FL,34105
9653,Apples,1820 SANDPIPER ST ,Apples,FL,34102
9654,Apples,6900 Dennis CIR J-205,Apples,FL,34104
9655,Apples,9806 Leeward CT ,FORT MYERS,FL,33919
9656,Apples,3823 Recreation LN ,Apples,FL,34116
9657,Apples,3285 24th AVE SE ,Apples,FL,34117
9658,Apples,9500 Vanderbilt DR ,Apples,FL,34108
9659,Apples,8872 Via Isola CT ,FORT MYERS,FL,33966
9660,Apples,4000 Gulf Shore BLVD N 400,Apples,FL,34103
9661,Apples,2219 10th LN ,CAPE CORAL,FL,33990
9662,Apples,5217 Holland ST ,Apples,FL,34113
9663,Apples,10017 Villagio Gardens LN 104,ESTERO,FL,33928
9664,Apples,586 Beachwalk CIR O-105,Apples,FL,34108
9665,Apples,541 Countryside DR ,Apples,FL,34104
9666,Apples,4832 12th ST NE ,Apples,Fl,34120
9667,Apples,829 99th AVE N ,Apples,FL,34108
9668,Apples,6084 Dogleg DR ,Apples,FL,34113
9669,Apples,14877 American Eagle CT ,FORT MYERS,FL,33912
9670,Apples,360 Hazelcrest ST ,MARCO ISLAND,FL,34145
9671,Apples,15110 Palmer Lake CIR 201,Apples,FL,34109
9672,Apples,9419 Galliano TER ,Apples,FL,34119
9673,Apples,4985 Sandra Bay DR 8-103,Apples,FL,34109
9674,Apples,975 9th AVE S 22,Apples,FL,34102
9675,Apples,8363 Laurel Lakes BLVD ,Apples,FL,34119
9676,Apples,5045 Blauvelt WAY 201,Apples,FL,34105
9677,Apples,8760 Bellano CT 2-103,Apples,FL,34119
9678,Apples,134 Palm DR 2991,Apples,FL,34112
9679,Apples,8540 Naples Heritage DR 8-812,Apples,FL,34112
9680,Apples,380 Seaview CT NW 1807,MARCO ISLAND,FL,34145
9681,Apples,669 Seaview CT G4,MARCO ISLAND,FL,34145
9682,Apples,468 Glen Meadow LN ,Apples,FL,34105
9683,Apples,14746 Leeward DR ,Apples,FL,34114
9684,Apples,24800 Avonleigh CT ,BONITA SPRINGS,FL,34135
9685,Apples,850 Central AVE 208,Apples,FL,34102
9686,Apples,7654 PEBBLE CREEK CIR 5-202,Apples,FL,34108
9687,Apples,3100 Gulf Shore BLVD N 103,Apples,FL,34103
9688,Apples,11837 Bramble CT ,Apples,FL,34120
9689,Apples,10691 Gulf Shore DR 1102,Apples,FL,34108
9690,Apples,9292 Belle CT 201,Apples,FL,34114
9691,Apples,16171 Marsilea CT ,Apples,FL,34110
9692,Apples,5027 Eclipse CT ,Apples,FL,34104
9693,Apples,3400 Gulf Shore BLVD N D2,Apples,FL,34103
9694,Apples,2435 37th AVE NE ,Apples,FL,34120
9695,Apples,213 Bay Meadows DR ,Apples,FL,34113
9696,Apples,2344 35th AVE ,CAPE CORAL,FL,33993
9697,Apples,28535 Carlow CT 1401,BONITA SPRINGS,FL,34135
9698,Apples,210 Sugar Pine LN 210,Apples,FL,34108
9699,Apples,1150 San Marco RD ,MARCO ISLAND,FL,34145
9700,Apples,513 5th AVE ,MARCO ISLAND,FL,34145
9701,Apples,8685 Nottingham Pointe WAY ,FORT MYERS,FL,33912
9702,Apples,900 Henderson Creek DR C-119,Apples,FL,34114
9703,Apples,827 Naples AVE S ,LEHIGH ACRES,FL,33974
9704,Apples,6974 Winding Cypress DR ,Apples,FL,34114
9705,Apples,4414 21st ST ,CAPE CORAL,FL,33993
9706,Apples,325 Marquesas CT ,MARCO ISLAND,FL,34145
9707,Apples,5965 Bloomfield CIR B306,Apples,FL,34112
9708,Apples,9225 Museo CIR 6-102,Apples,FL,34114
9709,Apples,215 Deerwood CIR ,Apples,FL,34113
9710,Apples,15011 Lakeside View DR 2404,FORT MYERS,FL,33919
9711,Apples,8390 Excalibur CIR F4,Apples,FL,34108
9712,Apples,686 Cypress WAY E ,Apples,FL,34110
9713,Apples,5685 Whitaker RD C-104,Apples,FL,34112
9714,Apples,556 103rd AVE N ,Apples,FL,34108
9715,Apples,1006 Mainsail DR 222,Apples,FL,34114
9716,Apples,4835 Bonita Beach RD 407,BONITA SPRINGS,FL,34134
9717,Apples,14555 Juniper Point LN ,Apples,FL,34110
9718,Apples,13897 Luna DR ,Apples,FL,34109
9719,Apples,13360 Silktail DR ,Apples,FL,34109
9720,Apples,747 Anderson DR ,Apples,FL,34103
9721,Apples,290 Naples Cove DR 2204,Apples,FL,34110
9722,Apples,104 Wilderness DR 141,Apples,FL,34105
9723,Apples,14594 Edgewater CIR ,Apples,FL,34114
9724,Apples,14590 Edgewater CIR ,Apples,FL,34114
9725,Apples,2345 Magnolia LN 11,Apples,FL,34112
9726,Apples,1569 Oceania DR S ,Apples,FL,34113
9727,Apples,3247 Miyagi LN ,Apples,FL,34114
9728,Apples,6058 National BLVD 341,AVE MARIA,FL,34142
9729,Apples,6361 Pelican Bay BLVD 902,Apples,FL,34108
9730,Apples,1150 Clam CT 4,Apples,FL,34102
9731,Apples,3641 23rd AVE SW ,Apples,FL,34117
9732,Apples,1598 Oceania DR S 3-101,Apples,FL,34113
9733,Apples,2572 45th AVE NE ,Apples,FL,34120
9734,Apples,4914 Hawaii BLVD 26,Apples,FL,34112
9735,Apples,5912 Burnham RD ,Apples,FL,34119
9736,Apples,4895 Bonita Beach RD 602,BONITA SPRINGS,FL,34134
9737,Apples,14488 Stillwater WAY ,Apples,FL,34114
9738,Apples,173 Penny LN 3141,Apples,FL,34112
9739,Apples,7505 Silver Trumpet LN P-104,Apples,FL,34109
9740,Apples,8001 Sherwood CIR ,LABELLE,FL,33935
9741,Apples,2084 Everglades BLVD ,Apples,Fl,34120
9742,Apples,14550 Stillwater WAY ,Apples,FL,34114
9743,Apples,5601 Green BLVD ,Apples,FL,34116
9744,Apples,10524 Azzurra DR ,FORT MYERS,FL,33913
9745,Apples,14757 Leeward DR ,Apples,FL,34114
9746,Apples,11900 Prince Charles CT ,CAPE CORAL,FL,33991
9747,Apples,455 Cove Tower DR 1003,Apples,FL,34110
9748,Apples,623 104th AVE N ,Apples,FL,34108
9749,Apples,5757 Cove CIR ,Apples,FL,34119
9750,Apples,7575 Pelican Bay BLVD 1003,Apples,FL,34108
9751,Apples,267 Barefoot Beach BLVD X-603,BONITA SPRINGS,FL,34134
9752,Apples,14813 Laguna DR 501,FORT MYERS,FL,33908
9753,Apples,3595 50th AVE NE ,Apples,FL,34120
9754,Apples,26119 PALACE LN 101,BONITA SPRINGS,FL,34135
9755,Apples,2810 Lakeview DR 4,Apples,FL,34112
9756,Apples,13334 Silktail DR ,Apples,FL,34109
9757,Apples,879 Meadowland DR O,Apples,FL,34108
9758,Apples,654 Palm View DR 3,Apples,FL,34110
9759,Apples,26171 Hickory BLVD #5A,BONITA SPRINGS,FL,34134
9760,Apples,2965 41st AVE NE ,Apples,FL,34120
9761,Apples,434 Sugar Pine LN 434,Apples,FL,34108
9762,Apples,10510 Via Torino WAY ,MIROMAR LAKES,FL,33913
9763,Apples,5415 Fox Hollow DR 209,Apples,FL,34104
9764,Apples,8677 Dilillo CT ,Apples,FL,34119
9765,Apples,10423 Prato DR ,FORT MYERS,FL,33913
9766,Apples,570 6th ST SE ,Apples,FL,34117
9767,Apples,3863 41st AVE NE ,Apples,FL,34120
9768,Apples,192 Pebble Shores DR 204,Apples,FL,34110
9769,Apples,3661 Wild Pines DR 204,BONITA SPRINGS,FL,34134
9770,Apples,3041 Driftwood WAY 3605,Apples,FL,34109
9771,Apples,4489 Aurora ST ,Apples,FL,34119
9772,Apples,6029 Trophy DR 303,Apples,FL,34110
9773,Apples,2711 75th ST W ,LEHIGH ACRES,FL,33971
9774,Apples,240 Collier BLVD G10,MARCO ISLAND,FL,34145
9775,Apples,9599 Via Lago WAY ,FORT MYERS,FL,33912
9776,Apples,3591 Golden Gate BLVD E ,Apples,FL,34120
9777,Apples,27810 Forester DR ,BONITA SPRINGS,FL,34134
9778,Apples,1732 Bahama AVE ,MARCO ISLAND,FL,34145
9779,Apples,3377 Seagrape AVE ,Apples,FL,34104
9780,Apples,9270 Triana TER 224,FORT MYERS,FL,33912
9781,Apples,5203 Raintree LN ,Apples,FL,34113
9782,Apples,23560 Walden Center DR 107,BONITA SPRINGS,FL,34134
9783,Apples,3486 47th AVE NE ,Apples,FL,34120
9784,Apples,17921 Bonita National BLVD 212,BONITA SPRINGS,FL,34135
9785,Apples,8007 San Vista CIR 16L,Apples,FL,34109
9786,Apples,339 Cromwell CT ,Apples,FL,34108
9787,Apples,6040 Pelican Bay BLVD D-303,Apples,FL,34108
9788,Apples,27131 Lavinka ST ,BONITA SPRINGS,FL,34135
9789,Apples,870 Gulf Pavilion DR 202,Apples,FL,34108
9790,Apples,280 Collier BLVD 1704,MARCO ISLAND,FL,34145
9791,Apples,4991 Bonita Bay Blvd 2303,BONITA SPRINGS,FL,34134
9792,Apples,2437 Millcreek LN 204,Apples,FL,34119
9793,Apples,1278 Forest AVE ,Apples,FL,34102
9794,Apples,8843 Cascade Price CIR ,NORTH FORT MYERS,FL,33917
9795,Apples,819 Bentwood DR ,Apples,FL,34108
9796,Apples,14158 Nautica CT ,Apples,FL,34114
9797,Apples,4207 9th ST SW ,LEHIGH ACRES,FL,33976
9798,Apples,10736 Fieldfair DR ,Apples,FL,34119
9799,Apples,4349 14th ST NE ,Apples,FL,34120
9800,Apples,1103 Trail Terrace DR ,Apples,FL,34103
9801,Apples,4121 Lake Forest DR 723,BONITA SPRINGS,FL,34134
9802,Apples,2824 6th AVE NE ,Apples,FL,34120
9803,Apples,3963 Ruxton RD ,Apples,FL,34116
9804,Apples,6058 National BLVD 331,AVE MARIA,FL,34142
9805,Apples,9946 Ortega LN ,BONITA SPRINGS,FL,34135
9806,Apples,241 Pine Key LN 196,Apples,FL,34114
9807,Apples,15454 Summit Place CIR 125,Apples,FL,34119
9808,Apples,12270 Eagle Pointe CIR ,FORT MYERS,FL,333913
9809,Apples,283 Albi RD 2781,Apples,FL,34112
9810,Apples,524 Woodshire LN E1,Apples,FL,34105
9811,Apples,1350 Churchill CIR L-102,Apples,FL,34116
9812,Apples,1036 Collier BLVD 502,MARCO ISLAND,FL,34145
9813,Apples,5051 Tortola CT ,Apples,FL,34113
9814,Apples,180 Seaview CT 1100,MARCO ISLAND,FL,34145
9815,Apples,2143 Morning Sun LN ,Apples,FL,34119
9816,Apples,11234 Five Oaks Ln ,Apples,FL,34120
9817,Apples,8451 Kingbird LOOP 335,ESTERO,FL,33967
9818,Apples,611 Jung BLVD W ,Apples,FL,34120
9819,Apples,656 Fountainhead WAY ,Apples,FL,34103
9820,Apples,1722 26th ST ,CAPE CORAL,FL,33993
9821,Apples,2721 2nd AVE ,CAPE CORAL,FL,33909
9822,Apples,6 17th AVE ,CAPE CORAL,FL,33909
9823,Apples,28564 Longford CT ,BONITA SPRINGS,FL,34135
9824,Apples,401 Charlemagne BLVD A204,Apples,FL,34112
9825,Apples,804 Pine Village LN ,Apples,FL,34108
9826,Apples,10111 Sandy Hollow LN 407,BONITA SPRINGS,FL,34135
9827,Apples,15275 Burnaby DR ,Apples,FL,34110
9828,Apples,3685 Buttonwood WAY 1521,Apples,FL,34112
9829,Apples,3945 Deer Crossing CT 104,Apples,FL,34114
9830,Apples,4220 14th AVE SE ,Apples,FL,34117
9831,Apples,4092 Belair LN 6,Apples,FL,34103
9832,Apples,30 Glades BLVD 3,Apples,FL,34112
9833,Apples,6444 Royal Woods DR ,FORT MYERS,FL,33908
9834,Apples,6760 Everglades BLVD N ,Apples,FL,34120
9835,Apples,208 10th AVE ,CAPE CORAL,FL,33991
9836,Apples,11875 Arboretum Run DR 201,FORT MYERS,FL,33913
9837,Apples,1150 22nd AVE N ,Apples,FL,34103
9838,Apples,1711 5th TER ,CAPE CORAL,FL,33993
9839,Apples,27061 Enclave DR ,BONITA SPRINGS,FL,34134
9840,Apples,28072 Cavendish CT 2209,BONITA SPRINGS,FL,34135
9841,Apples,1008 36th LN ,CAPE CORAL,FL,33909
9842,Apples,93 Silver Oaks CIR 3101,Apples,FL,34119
9843,Apples,3314 8th PL ,CAPE CORAL,FL,33909
9844,Apples,840 Collier BLVD 504,MARCO ISLAND,FL,34145
9845,Apples,1355 22nd AVE N ,Apples,FL,34103
9846,Apples,3726 16th PL ,CAPE CORAL,FL,33909
9847,Apples,3809 23rd AVE ,CAPE CORAL,FL,33909
9848,Apples,4024 10th PL ,CAPE CORAL,FL,33909
9849,Apples,9047 Somerset LN ,BONITA SPRINGS,FL,34135
9850,Apples,740 Teryl RD 4,Apples,FL,34112
9851,Apples,5922 Amberwood DR ,Apples,FL,34110
9852,Apples,2080 Estey AVE ,Apples,FL,34104
9853,Apples,6372 Burnham RD ,Apples,FL,34119
9854,Apples,1880 19th ST SW ,Apples,FL,34117
9855,Apples,1235 Reserve WAY 5-304,Apples,FL,34105
9856,Apples,9361 Rapallo ST ,Apples,FL,34119
9857,Apples,725 Saratoga CIR A-203,Apples,FL,34104
9858,Apples,300 Collier BLVD 303,MARCO ISLAND,FL,34145
9859,Apples,546 Avellino Isles CIR 11202,Apples,FL,34119
9860,Apples,1455 Honeysuckle AVE ,MARCO ISLAND,FL,34145
9861,Apples,4176 18 AVE SE ,Apples,FL,34117
9862,Apples,23750 Via Trevi WAY 1402,BONITA SPRINGS,FL,34134
9863,Apples,3110 Seasons WAY 203,ESTERO,FL,33928
9864,Apples,2084 Crestview WAY A-117,Apples,FL,34119
9865,Apples,1870 Bald Eagle DR 402B,Apples,FL,34105
9866,Apples,328 Steerforth CT ,Apples,FL,34110
9867,Apples,1865 Dogwood DR ,MARCO ISLAND,FL,34145
9868,Apples,6360 Aragon WAY 305,FORT MYERS,FL,33966
9869,Apples,675 Seaview CT F4,MARCO ISLAND,FL,34145
9870,Apples,87 Collier BLVD N5,MARCO ISLAND,FL,34145
9871,Apples,9127 Springview LOOP ,ESTERO,FL,33928
9872,Apples,28064 Cavendish CT 2411,BONITA SPRINGS,FL,34135
9873,Apples,15809 Marcello CIR 92,Apples,FL,34110
9874,Apples,17541 Phlox DR ,FORT MYERS,FL,33967
9875,Apples,219 Audubon BLVD ,Apples,FL,34110
9876,Apples,3000 Royal Marco WAY 3-315,MARCO ISLAND,FL,34145
9877,Apples,3685 Buttonwood WAY 1523,Apples,FL,34112
9878,Apples,148 1st ST ,BONITA SPRINGS,FL,34134
9879,Apples,140 Seaview CT 303N,MARCO ISLAND,FL,34145
9880,Apples,11030 Gulf Shore DR 201,Apples,FL,34108
9881,Apples,21310 Lancaster RUN 1025,ESTERO,FL,33928
9882,Apples,3614 Tomlinson ST ,BONITA SPRINGS,FL,34134
9883,Apples,3700 Parkview WAY ,Apples,FL,34103
9884,Apples,3494 Pacific DR ,Apples,FL,34119
9885,Apples,499 Forest Lakes BLVD 2-202,Apples,FL,34105
9886,Apples,219 Glen Eagle CIR ,Apples,FL,34104
9887,Apples,3055 Riviera DR 204,Apples,FL,34103
9888,Apples,5 High Point CIR W 202,Apples,FL,34103
9889,Apples,5305 Beckton RD ,AVE MARIA,FL,34142
9890,Apples,1620 Blue Sage DR ,Apples,FL,34117
9891,Apples,1155 Rosemary CT B-107,Apples,FL,34103
9892,Apples,3380 West Crown Pointe BLVD 102,Apples,FL,34112
9893,Apples,11887 Forest Mere DR ,BONITA SPRINGS,FL,34135
9894,Apples,3742 Pino Vista WAY 3,ESTERO,FL,33928
9895,Apples,10630 Ankeny LN ,BONITA SPRINGS,FL,34135
9896,Apples,3055 Birchin LN ,FORT MYERS,FL,33916
9897,Apples,873 6 ST SE ,Apples,FL,34117
9898,Apples,7595 Arbor Lakes CT 624,Apples,FL,34112
9899,Apples,3097 Birchin LN ,FORT MYERS,FL,33916
9900,Apples,3100 Royal Gardens AVE ,FORT MYERS,FL,33916
9901,Apples,7474 Winding Cypress DR ,Apples,FL,34114
9902,Apples,27684 Hickory BLVD ,BONITA SPRINGS,FL,34134
9903,Apples,1011 Sunset TRL ,LABELLE,FL,33935
9904,Apples,3061 Royal Gardens AVE ,FORT MYERS,FL,33916
9905,Apples,1234 13th ST N ,Apples,FL,34102
9906,Apples,9082 Albion LN S 67-6,Apples,FL,34113
9907,Apples,1011 Anglers CV H-201,MARCO ISLAND,FL,34145
9908,Apples,28500 Sicily LOOP ,BONITA SPRINGS,FL,34135
9909,Apples,1711 Sarazen PL ,Apples,FL,34120
9910,Apples,2062 Mandarin LN ,Apples,FL,34120
9911,Apples,880 Huron CT 2-407,MARCO ISLAND,FL,34145
9912,Apples,23056 Grassy Pine DR ,ESTERO,FL,33928
9913,Apples,5552 Billings ST ,LEHIGH ACRES,FL,33971
9914,Apples,1446 Vintage LN ,Apples,FL,34104
9915,Apples,902 Marble DR ,Apples,FL,34104
9916,Apples,3366 Baltic DR ,Apples,FL,34119
9917,Apples,440 Broad AVE S H-440,Apples,FL,34102
9918,Apples,271 Southbay DR 242,Apples,FL,34108
9919,Apples,3802 Whidbey WAY ,Apples,FL,34119
9920,Apples,2281 44th TER SW ,Apples,FL,34116
9921,Apples,8830 Ravello CT ,Apples,FL,34114
9922,Apples,75 Saint Andrews BLVD A-100,Apples,FL,34113
9923,Apples,1878 Mustique ST ,Apples,FL,34120
9924,Apples,3425 Cayman LN ,Apples,FL,34119
9925,Apples,2560 26th TER ,CAPE CORAL,FL,33914
9926,Apples,2622 38th ST ,CAPE CORAL,FL,33914
9927,Apples,3729 14th PL ,CAPE CORAL,FL,33914
9928,Apples,8005 Tiger CV 1-103,Apples,FL,34113
9929,Apples,167 Collier BLVD C2,MARCO ISLAND,FL,34145
9930,Apples,16554 Crescent Beach WAY ,BONITA SPRINGS,FL,34135
9931,Apples,1195 Moon Lake DR ,Apples,FL,34104
9932,Apples,6590 Beach Resort DR 306,Apples,FL,34114
9933,Apples,685 Luisa LN 4,Apples,FL,34104
9934,Apples,9038 Whimbrel Watch LN 101,Apples,FL,34109
9935,Apples,1913 Princess CT ,Apples,FL,34110
9936,Apples,8276 Lucello TER N ,Apples,FL,34114
9937,Apples,4753 Estero BLVD 204,FORT MYERS BEACH,FL,33931
9938,Apples,11125 Gulf Shore DR 703,Apples,FL,34108
9939,Apples,2379 Orchard ST ,Apples,FL,34120
9940,Apples,249 Lagoon AVE ,Apples,FL,34108
9941,Apples,2360 Orchard ST ,Apples,FL,34120
9942,Apples,860 Panama CT 114,MARCO ISLAND,FL,34145
9943,Apples,23540 Walden Center DR 203,ESTERO,FL,34134
9944,Apples,15796 Marcello CIR 183,Apples,FL,34110
9945,Apples,2220 Dancy ST ,Apples,FL,34120
9946,Apples,2145 Clementine ST ,Apples,FL,34120
9947,Apples,28463 Villagewalk BLVD ,BONITA SPRINGS,FL,34135
9948,Apples,13080 Amberley CT 1005,BONITA SPRINGS,FL,34135
9949,Apples,15850 Delaplata LN ,Apples,FL,34110
9950,Apples,13640 Worthington WAY 1902,BONITA SPRINGS,FL,34135
9951,Apples,7845 Sandpine CT 1903,Apples,FL,34104
9952,Apples,901 Egrets RUN 202,Apples,FL,34108
9953,Apples,11060 Castlereagh ST ,FORT MYERS,FL,33913
9954,Apples,3287 Baravaldo LN ,CAPE CORAL,FL,33909
9955,Apples,3291 Baravaldo CIR ,CAPE CORAL,FL,33909
9956,Apples,9124 Delano ST 8703,Apples,FL,34113
9957,Apples,646 Park Shore DR ,Apples,FL,34103
9958,Apples,3403 Acapulco CIR ,CAPE CORAL,FL,33909
9959,Apples,3401 Acapulco CIR ,CAPE CORAL,FL,33909
9960,Apples,5352 Brin WAY ,AVE MARIA,FL,34142
9961,Apples,3395 Acapulco CIR ,CAPE CORAL,FL,33909
9962,Apples,2036 Painted Palm DR ,Apples,FL,34119
9963,Apples,414 Papaya ST 42,GOODLAND,FL,34140
9964,Apples,6777 Winkler RD 165,FORT MYERS,FL,33919
9965,Apples,25065 Peacock LN 102,Apples,FL,34114
9966,Apples,3159 Estancia LN ,CAPE CORAL,FL,33909
9967,Apples,26470 Doverstone ST ,BONITA SPRINGS,FL,34135
9968,Apples,14846 Fripp Island CT ,Apples,FL,34119
9969,Apples,7200 Coventry CT 115,Apples,FL,34104
9970,Apples,1315 5th AVE N ,Apples,FL,34102
9971,Apples,3610 Avenida Del Vera ,NORTH FORT MYERS,FL,33917
9972,Apples,178 Bermuda RD ,MARCO ISLAND,FL,34145
9973,Apples,3589 Avenida Del Vera ,NORTH FORT MYERS,FL,33917
9974,Apples,3593 Avenida Del Vera ,NORTH FORT MYERS,FL,33917
9975,Apples,10764 Crossback LN ,LEHIGH ACRES,FL,33936
9976,Apples,519 Roma CT 2104,Apples,FL,34110
9977,Apples,18020 San Carlos BLVD 64,FORT MYERS BEACH,FL,33931
9978,Apples,10808 Crossback LN ,LEHIGH ACRES,FL,33936
9979,Apples,10756 Crossback LN ,LEHIGH ACRES,FL,33936
9980,Apples,10752 Crossback LN ,LEHIGH ACRES,FL,33936
9981,Apples,11081 Longshore WAY W ,Apples,FL,34119
9982,Apples,6895 Estero BLVD 564,FORT MYERS BEACH,FL,33931
9983,Apples,4625 Saint Croix LN 1114,Apples,FL,34109
9984,Apples,1462 Churchill CIR T-203,Apples,FL,34116
9985,Apples,10003 Windy Pointe CT ,FORT MYERS,FL,33913
9986,Apples,10087 Chesapeake Bay DR ,FORT MYERS,FL,33913
9987,Apples,525 106TH AVE N ,Apples,FL,34108
9988,Apples,118 Tahiti CIR ,Apples,FL,34113
9989,Apples,1056 Diamond Lake CIR ,Apples,FL,34114
9990,Apples,14101 Cerrito ST ,FORT MYERS,FL,33905
9991,Apples,7351 & 7475 County Road 13 S ,HASTINGS,FL,32145
9992,Apples,4110 11th AVE SW ,Apples,FL,34116
9993,Apples,731 Elkcam CIR S B111,MARCO ISLAND,FL,34145
9994,Apples,2329 Grenadines WAY ,Apples,FL,34120
9995,Apples,16 Knights Bridge RD A-48,Apples,FL,34112
9996,Apples,28023 Dorado DR ,BONITA SPRINGS,FL,34135
9997,Apples,900 8th AVE S 104,Apples,FL,34102
9998,Apples,8813 Spinner Cove LN ,Apples,FL,34120
9999,Apples,16436 Aberdeen WAY ,Apples,FL,34110
10000,Apples,10279 Porto Romano Dr ,MIROMAR LAKES,FL,33913
